judul,penulis,penerbit,isbn,tahun_terbit,rak,kategori,harga_ganti,stok,deskripsi
"IPS SEJARAH, JILID 3 SLTP","Drs.C.S.T Kansil, SH.",Erlangga,9794111988,1997,Kelas IX,Buku Paket Kelas IX,75000,54,"IPS SEJARAH, JILID 3 SLTP"
Belajar Matematika Aktif Dan Menyenangkan Untuk SMP/MTs Kelas IX,"Wahyudin Djumanta, Dwi Susanti",Departemen Pendidikan Nasional,9794628875,2008,Kelas IX,Buku Paket Kelas IX,75000,28,Belajar Matematika Aktif Dan Menyenangkan Untuk SMP/MTs Kelas IX
English In Focus for Grade IX Junior High School,"Artono Wardiman, Masduki B.Jahur, M.Sukirman D",Pusat Perbukuan Departemen Pendidikan Nasional,9794629723,2008,Kelas IX,Buku Paket Kelas IX,75000,64,English In Focus for Grade IX Junior High School
Bahasa Dan Sastra Indonesia Untuk SMP/MTs Kelas IX,"Nurhadi, Dawud, Yuni Pratiwi",Erlangga,9797816605,2005,Kelas IX,Buku Paket Kelas IX,75000,22,Bahasa Dan Sastra Indonesia Untuk SMP/MTs Kelas IX
"Mahir Berbahasa Indonesia, Jilid 3 Kelas IX SMP/MTs",Tim Edukatif,Erlangga,9786022989899,2016,Kelas IX,Buku Paket Kelas IX,75000,11,"Mahir Berbahasa Indonesia, Jilid 3 Kelas IX SMP/MTs"
Bahasa Indonesia,Kementerian Pendidikan Dan Kebudayaan,Kementerian Pendidikan Dan Kebudyaan,9786021530856,2015,Kelas IX,Buku Paket Kelas IX,75000,33,Bahasa Indonesia
Prakarya Untuk SMP/MTs Kelas IX,"Sugiyanto, Mugiyono, Encep Bingbing Wasilah, Ridwan Samsu",Erlangga,9786024342890,2017,Kelas IX,Buku Paket Kelas IX,75000,4,Prakarya Untuk SMP/MTs Kelas IX
Buku Guru Bahasa Indonesia,"Suherli, Maman Suryaman, Aji Septiaji, Istiqomah",Kementerian Pendidikan Dan Kebudyaan,9786024271046,2017,Kelas IX,Buku Paket Kelas IX,75000,3,Buku Guru Bahasa Indonesia
Ilmu Pengetahuan Alam,Kementerian Pendidikan Dan Kebudayaan,Kementerian Pendidikan Dan Kebudyaan,9786021530627,2015,Kelas IX,Buku Paket Kelas IX,75000,12,Ilmu Pengetahuan Alam
Smart Steps Grade IX,"Ali Akhmadi, Ida Safrida",Ganeca Exact,9797442764,2005,Kelas IX,Buku Paket Kelas IX,75000,45,Smart Steps Grade IX
Bahasa Indonesia SMP/MTs Kelas IX,"Atikah Anindyarini, Yuwono, Suhartanto",Departemen Pendidikan Nasional,9794629375,2008,Kelas IX,Buku Paket Kelas IX,75000,34,Bahasa Indonesia SMP/MTs Kelas IX
Mari Belajar IPA 3,"Elok Sudibyo, Wahono Widodo, Wasis, Dwi Suhartanti",Departemen Pendidikan Nasional,9794629804,2008,Kelas IX,Buku Paket Kelas IX,75000,26,Mari Belajar IPA 3
Akidah Akhlak Buku Guru,"Ahmad Syauqil, Adib",Kementerian Agama,9786022930709,2016,Kelas IX,Buku Paket Kelas IX,75000,1,Akidah Akhlak Buku Guru
Matematika SMP Jilid 3 Semester 2,M.Cholik Adinawan,Erlangga,9786022419112,2017,Kelas IX,Buku Paket Kelas IX,75000,1,Matematika SMP Jilid 3 Semester 2
Ilmu Pengetahuan Sosial Untuk SMP/MTs Kelas IX,"N.Suparno, T.D Haryo Tamtono",Erlangga,9786022542216,2016,Kelas IX,Buku Paket Kelas IX,75000,3,Ilmu Pengetahuan Sosial Untuk SMP/MTs Kelas IX
Matematika SMP Jilid 3 Semester 1,"M.Cholik Adinawan, Sugijono",Erlangga,9786022414506,2013,Kelas IX,Buku Paket Kelas IX,75000,1,Matematika SMP Jilid 3 Semester 1
Pengetahuan Sosial Geografi,"Kuswanto, Suparman, Fatimah",PT Tiga Serangkai Pustaka Mandiri,979668778x,2004,Kelas IX,Buku Paket Kelas IX,75000,3,Pengetahuan Sosial Geografi
Ayo Memahami Fiqih Untuk Kelas IX,"Jamhari, Tasimin",Erlangga,9786232660496,2021,Kelas IX,Buku Paket Kelas IX,75000,1,Ayo Memahami Fiqih Untuk Kelas IX
Buku Guru Bahasa Indonesia,"Agus Trianto, Titik Harsiati, E.Kosasih",Kementerian Pendidikan Dan Kebudyaan,9786022829751,2018,Kelas IX,Buku Paket Kelas IX,75000,2,Buku Guru Bahasa Indonesia
Pengetahuan Sosial Ekonomi,"Suroso, Rendro Adi Widigjo",PT Tiga Serangkai Pustaka Mandiri,9796687941,2004,Kelas IX,Buku Paket Kelas IX,75000,2,Pengetahuan Sosial Ekonomi
PPKn Berbasis Budi Pekerti dan Pwndidikan Politik,"Ridwan Effendi, Warlim Isya, Sukandi",PT Sarana Panca Karya Nusa,9796784041,2001,Kelas IX,Buku Paket Kelas IX,75000,1,PPKn Berbasis Budi Pekerti dan Pwndidikan Politik
Seni Budaya Untuk SMP/MTs Kelas IX ,"Sugiyanto, Setyobudi, Dyah Purwani Setianingsih, Siswandi",Erlangga,9786024342845,2017,Kelas IX,Buku Paket Kelas IX,75000,2,Seni Budaya Untuk SMP/MTs Kelas IX 
Belajar Aktif Fisika Untuk SLTP Kelas 3,Suryana,Departemen Pendidikan Nasional,9794626864,2002,Kelas IX,Buku Paket Kelas IX,75000,1,Belajar Aktif Fisika Untuk SLTP Kelas 3
Contextual Teaching and Learning Pendidikan Kewarganegaraan SMP/MTs Kelas IX,Sugeng Priyanto dkk,Pusat Perbukuan Departemen Pendidikan Nasional,9794624586,2008,Kelas IX,Buku Paket Kelas IX,75000,2,Contextual Teaching and Learning Pendidikan Kewarganegaraan SMP/MTs Kelas IX
Konsep dan Penerapan Sains dan Biologi Jilid 3a,Sunarto dkk,PT Tiga Serangkai Pustaka Mandiri,9796686341,2004,Kelas IX,Buku Paket Kelas IX,75000,1,Konsep dan Penerapan Sains dan Biologi Jilid 3a
PENJASORKES 3 SMP/MTs,"Surtiyo Utomo, Suwandi",PT Bumi Aksara,9789790101289,2008,Kelas IX,Buku Paket Kelas IX,75000,7,PENJASORKES 3 SMP/MTs
Tonggak Sejarah Kebudayaan Islam Untuk Kelas 3 MTs,"Darsono, T Ibrahim",PT Tiga Serangkai Pustaka Mandiri,9796684217,2003,Kelas IX,Buku Paket Kelas IX,75000,1,Tonggak Sejarah Kebudayaan Islam Untuk Kelas 3 MTs
Konsep dan Penerapan Sains Fisika Jilid 3a,Budi Purwanto,PT Tiga Serangkai Pustaka Mandiri,9796686481,2004,Kelas IX,Buku Paket Kelas IX,75000,1,Konsep dan Penerapan Sains Fisika Jilid 3a
Matematika SMP/MTs Kelas IX,"Marsudi Raharjo, Andri Setiawan",Erlangga,9786024347437,2018,Kelas IX,Buku Paket Kelas IX,75000,1,Matematika SMP/MTs Kelas IX
Fasih Berbahasa Arab Untuk Kelas 3,"Darsono, T Ibrahim",PT Tiga Serangkai Pustaka Mandiri,9796684179,2003,Kelas IX,Buku Paket Kelas IX,75000,1,Fasih Berbahasa Arab Untuk Kelas 3
Kerajinan Tangan dan Kesenian Untuk Kelas 3 SLTP,"A.Hamid, L.Julius Juih, Sunantini, Eko Purnomo",Yudhistira,9794538108,1996,Kelas IX,Buku Paket Kelas IX,75000,1,Kerajinan Tangan dan Kesenian Untuk Kelas 3 SLTP
Seribu Pena Matematika Jilid 3 Untuk SMP Kelas IX,"M.Cholik Adinawan, Sugijono",Erlangga,9789790332775,2008,Kelas IX,Buku Paket Kelas IX,75000,1,Seribu Pena Matematika Jilid 3 Untuk SMP Kelas IX
Ilmu Pengetahuan Alam 3 Untuk Kelas IX,"Daroji, Haryati",PT Tiga Serangkai Pustaka Mandiri,9789790847279,2012,Kelas IX,Buku Paket Kelas IX,75000,1,Ilmu Pengetahuan Alam 3 Untuk Kelas IX
Pendidikan Pancasila dan Kewarganegaraan,Kementerian Pendidikan Dan Kebudayaan,Kementerian Pendidikan Dan Kebudyaan,9786022829638,2018,Kelas IX,Buku Paket Kelas IX,75000,3,Pendidikan Pancasila dan Kewarganegaraan
Buku Guru Pendidikan Pancasila dan Kewarganegaraan,Kementerian Pendidikan Dan Kebudayaan,Kementerian Pendidikan Dan Kebudyaan,9786022829676,2019,Kelas IX,Buku Paket Kelas IX,75000,1,Buku Guru Pendidikan Pancasila dan Kewarganegaraan
Ilmu Pengetahuan Sosial SMP/MTs Kelas 3,Kementerian Pendidikan Dan Kebudayaan,Kementerian Pendidikan Dan Kebudyaan,9786024270100,2018,Kelas IX,Buku Paket Kelas IX,75000,3,Ilmu Pengetahuan Sosial SMP/MTs Kelas 3
Seni Budaya SMP/MTs Kelas 3,Kementerian Pendidikan Dan Kebudayaan,Kementerian Pendidikan Dan Kebudyaan,9786022823384,2018,Kelas IX,Buku Paket Kelas IX,75000,5,Seni Budaya SMP/MTs Kelas 3
Pendidikan Lingkungan Hidup Untuk SMP/MTs Kelas IX,"Mohamad Abas, Endang Haris, Zaenal Aripin",Erlangga,9789790755338,2010,Kelas IX,Buku Paket Kelas IX,75000,9,Pendidikan Lingkungan Hidup Untuk SMP/MTs Kelas IX
Pengetahuan Sosial Sejarah Untuk Kelas 3 SMP/MTs,"Suparman, Kuswanto, Fatimah",PT Tiga Serangkai Pustaka Mandiri,9796687860,2004,Kelas IX,Buku Paket Kelas IX,75000,13,Pengetahuan Sosial Sejarah Untuk Kelas 3 SMP/MTs
Learning More Art & Culture 3,Yuliawan Kasmahidayat dkk,Grafindo Media Pratama,9786020015149,2011,Kelas IX,Buku Paket Kelas IX,75000,53,Learning More Art & Culture 3
Buku Guru Matematika SMP/MTs Kelas IX,Kementerian Pendidikan Dan Kebudayaan,Kementerian Pendidikan Dan Kebudyaan,9786022820864,2015,Kelas IX,Buku Paket Kelas IX,75000,2,Buku Guru Matematika SMP/MTs Kelas IX
Matematika SMP/MTs Kelas IX Semester 1,Kementerian Pendidikan Dan Kebudayaan,Kementerian Pendidikan Dan Kebudyaan,9786022820956,2015,Kelas IX,Buku Paket Kelas IX,75000,47,Matematika SMP/MTs Kelas IX Semester 1
Matematika SMP/MTs Kelas IX Semester 2,Kementerian Pendidikan Dan Kebudayaan,Kementerian Pendidikan Dan Kebudyaan,9786022820956,2015,Kelas IX,Buku Paket Kelas IX,75000,54,Matematika SMP/MTs Kelas IX Semester 2
Matematika SMP Jilid 3A Kelas IX Semester 1,M.Cholik Adinawan,Erlangga,9786022419105,2017,Kelas IX,Buku Paket Kelas IX,75000,21,Matematika SMP Jilid 3A Kelas IX Semester 1
Bahasa Inggris Think Globally Act Locally,Kementerian Pendidikan Dan Kebudayaan,Kementerian Pendidikan Dan Kebudyaan,9786022829799,2018,Kelas IX,Buku Paket Kelas IX,75000,7,Bahasa Inggris Think Globally Act Locally
Buku Guru Bahasa Inggris Think Globally Act Locally,Kementerian Pendidikan Dan Kebudayaan,Kementerian Pendidikan Dan Kebudyaan,9786022820185,2015,Kelas IX,Buku Paket Kelas IX,75000,1,Buku Guru Bahasa Inggris Think Globally Act Locally
Bahasa Inggris Think Globally Act Locally,Kementerian Pendidikan Dan Kebudayaan,Kementerian Pendidikan Dan Kebudyaan,9786021530610,2015,Kelas IX,Buku Paket Kelas IX,75000,5,Bahasa Inggris Think Globally Act Locally
"Pendidikan Jasmani, Olahraga, dan Kesehatan SMP/MTs Kelas IX",Kementerian Pendidikan Dan Kebudayaan,Kementerian Pendidikan Dan Kebudyaan,9786024270186,2018,Kelas IX,Buku Paket Kelas IX,75000,14,"Pendidikan Jasmani, Olahraga, dan Kesehatan SMP/MTs Kelas IX"
"Pendidikan Jasmani, Olahraga, dan Kesehatan SMP/MTs Kelas IX",Kementerian Pendidikan Dan Kebudayaan,Kementerian Pendidikan Dan Kebudyaan,9786021530788,2015,Kelas IX,Buku Paket Kelas IX,75000,9,"Pendidikan Jasmani, Olahraga, dan Kesehatan SMP/MTs Kelas IX"
Pelajaran Bahasa Arab MTs Kelas IX,Dr.D Hidayat,PT Karya Toha Putra,9786027718678,2016,Kelas IX,Buku Paket Kelas IX,75000,36,Pelajaran Bahasa Arab MTs Kelas IX
Fikih MTs Kelas IX Semester 1 Dan 2,Tatang Ibrahim,CV Armico,9789797276898,2009,Kelas IX,Buku Paket Kelas IX,75000,4,Fikih MTs Kelas IX Semester 1 Dan 2
Akidah Akhlak MTs Kelas IX Semester 1 Dan 2,"H.A Wahid, Sy.",CV Armico,9789797276775,2009,Kelas IX,Buku Paket Kelas IX,75000,20,Akidah Akhlak MTs Kelas IX Semester 1 Dan 2
Sejarah Kebudayaan Islam MTs Kelas IX Semester 1 Dan 2,Tatang Ibrahim,CV Armico,9789797276935,2009,Kelas IX,Buku Paket Kelas IX,75000,98,Sejarah Kebudayaan Islam MTs Kelas IX Semester 1 Dan 2
Matematika SMP/MTs Kelas IX,Kementerian Pendidikan Dan Kebudayaan,Kementerian Pendidikan Dan Kebudyaan,9786022829898,2018,Kelas IX,Buku Paket Kelas IX,75000,1,Matematika SMP/MTs Kelas IX
Ilmu Pengetahuan Alam Semester 2SMP/MTs Kelas IX,Kementerian Pendidikan Dan Kebudayaan,Kementerian Pendidikan Dan Kebudyaan,9786022823209,2019,Kelas IX,Buku Paket Kelas IX,75000,2,Ilmu Pengetahuan Alam Semester 2SMP/MTs Kelas IX
Prakarya SMP/MTs Kelas IX Semester 1,Kementerian Pendidikan Dan Kebudayaan,Kementerian Pendidikan Dan Kebudyaan,9786024270360,2018,Kelas IX,Buku Paket Kelas IX,75000,17,Prakarya SMP/MTs Kelas IX Semester 1
Prakarya SMP/MTs Kelas IX Semester 2,Kementerian Pendidikan Dan Kebudayaan,Kementerian Pendidikan Dan Kebudyaan,9786024270377,2018,Kelas IX,Buku Paket Kelas IX,75000,15,Prakarya SMP/MTs Kelas IX Semester 2
Ilmu Pengetahuan Alam Untuk SMP/MTS Kelas VII,Teguh Sugiyarto & Eny Ismiawati,Pusat Perbukuan Depertemen Pendidikan Nasional ,9794626023,2008,Kelas VII,Buku Paket Kelas VII,75000,2,Ilmu Pengetahuan Alam Untuk SMP/MTS Kelas VII
Pendidikan Lingkungan Hidup Untuk Kelas VII SMP & MTS,"Syamsudin, dkk",PT Tiga Serangkai Pustaka Mandiri,9789790455641,2013,Kelas VII,Buku Paket Kelas VII,75000,1,Pendidikan Lingkungan Hidup Untuk Kelas VII SMP & MTS
Pendidikan Lingkungan Hidup Untuk Kelas VII SMP & MTS,M. Abas dkk,Penerbit Erlangga,9789790755314,2010,Kelas VII,Buku Paket Kelas VII,75000,1,Pendidikan Lingkungan Hidup Untuk Kelas VII SMP & MTS
Pengetahuan Sosial Geografi Jilid 1 untuk kelas 1 SMP atAU MTS,"Drs. Kuswanto, M.M.dkk",PT Tiga Serangkai Pustaka Mandiri,9789796687763,2004,Kelas VII,Buku Paket Kelas VII,75000,3,Pengetahuan Sosial Geografi Jilid 1 untuk kelas 1 SMP atAU MTS
Prakarya untuk SMP/MTS Kelas 7,"Sugianto, dkk",Penerbit Erlangga,9786024342876,2017,Kelas VII,Buku Paket Kelas VII,75000,2,Prakarya untuk SMP/MTS Kelas 7
IPS (Ilmu Pengetahuan Sosial) untuk SMP/MTS Kelas VII,"Y.Sri Pujiastuti, dkk",Penerbit Erlangga,9786022540571,2013,Kelas VII,Buku Paket Kelas VII,75000,6,IPS (Ilmu Pengetahuan Sosial) untuk SMP/MTS Kelas VII
Pengetahuan Sosial Sejarah Jilid 1 Untuk Kelas 1 SMP & MTS,"Drs. Suparman, dkk",PT Tiga Serangkai Pustaka Mandiri,9796687844,2004,Kelas VII,Buku Paket Kelas VII,75000,2,Pengetahuan Sosial Sejarah Jilid 1 Untuk Kelas 1 SMP & MTS
IPS Terpadu Untuk SMP Kelas VII Jilid 1A,Tim Abdi Guru,Penerbit Erlangga,9789790151437,2006,Kelas VII,Buku Paket Kelas VII,75000,7,IPS Terpadu Untuk SMP Kelas VII Jilid 1A
Pengetahuan Sosial Ekonomi Untuk Kelas 1 SMP/MTS,Suroso & Rendro Adi Widigdo,PT Tiga Serangkai Pustaka Mandiri,9789796687923,2004,Kelas VII,Buku Paket Kelas VII,75000,4,Pengetahuan Sosial Ekonomi Untuk Kelas 1 SMP/MTS
Pendidikan Pancasila dan  kewarganegaraan Untuk SMP/MTS Kelas VII,Sri Tutik Cahya Ningsih,Penerbit Erlangga,9786022540366,2013,Kelas VII,Buku Paket Kelas VII,75000,4,Pendidikan Pancasila dan  kewarganegaraan Untuk SMP/MTS Kelas VII
Matematika Konsep dan Aplikasinya,Dewi Nuharini & Tri Wahyuni,Pusat Perbukuan Depertemen Pendidikan Nasional ,9794629987,2008,Kelas VII,Buku Paket Kelas VII,75000,6,Matematika Konsep dan Aplikasinya
Matematika Semester 1,Kemendikbud,Kemendikbud,9786022823520,2014,Kelas VII,Buku Paket Kelas VII,75000,1,Matematika Semester 1
IPA Terpadu ,Tim Abdi Guru,Penerbit Erlangga,9786022414537,2013,Kelas VII,Buku Paket Kelas VII,75000,1,IPA Terpadu 
Buku Penilaian BUPENA English,Nur Zaida,Penerbit Erlangga,9786024347819,2018,Kelas VII,Buku Paket Kelas VII,75000,2,Buku Penilaian BUPENA English
Sukses Belajar Ilmu Pengetahuan Alam,Daroji & Haryati,PT Tiga Serangkai Pustaka Mandiri,9789790184176,2007,Kelas VII,Buku Paket Kelas VII,75000,1,Sukses Belajar Ilmu Pengetahuan Alam
BRIGHT An English Course for Junior High School Student,Nur Zaida,Penerbit Erlangga,9786022414117,2013,Kelas VII,Buku Paket Kelas VII,75000,4,BRIGHT An English Course for Junior High School Student
IPA Terpadu ,Tim Inspirasi Guru,PT Masmedia Buana Pustaka'9786022322122,9786022322122,2013,Kelas VII,Buku Paket Kelas VII,75000,1,IPA Terpadu 
BRIGHT An English Course for Junior High School Student,Nur Zaida,Penerbit Erlangga,9786022418726,2014,Kelas VII,Buku Paket Kelas VII,75000,1,BRIGHT An English Course for Junior High School Student
Experiencing English,Tim Masmedia Buana Pustaka,PT Masmedia Buana Pustaka'9786022322122,9786022321835,2014,Kelas VII,Buku Paket Kelas VII,75000,1,Experiencing English
English Way,Mulyono,Quadra,9786023014132,2017,Kelas VII,Buku Paket Kelas VII,75000,1,English Way
MARBI Mahir Berbahasa Indonesia,Tim Edukatif,Penerbit Erlangga,9786022418115,2013,Kelas VII,Buku Paket Kelas VII,75000,1,MARBI Mahir Berbahasa Indonesia
Passport to The World,"Djatmika, dkk",PT Tiga Serangkai Pustaka Mandiri,9786023201426,2018,Kelas VII,Buku Paket Kelas VII,75000,1,Passport to The World
 Pembelajaran IPS,"Sardiman, dkk",PT Tiga Serangkai Pustaka Mandiri,9786023202751,2018,Kelas VII,Buku Paket Kelas VII,75000,1, Pembelajaran IPS
Bahasa Arab Madrasah Tsanawiyah Kelas VII,Dr.D Hidayat,PT Karya Toha Putra,9786027718654,2014,Kelas VII,Buku Paket Kelas VII,75000,1,Bahasa Arab Madrasah Tsanawiyah Kelas VII
Buku Guru Sejarah Kebudayaan Islam,Kementerian Agama,Kementerian Agama,9789798446788,2014,Kelas VII,Buku Paket Kelas VII,75000,21,Buku Guru Sejarah Kebudayaan Islam
Seni Budaya Untuk SMP/MTs KelasVII,Yuliawan Kasmahidayat,Grafindo Media Pratama,9786020118970,2017,Kelas VII,Buku Paket Kelas VII,75000,1,Seni Budaya Untuk SMP/MTs KelasVII
Buku Guru Prakarya,Kementerian Pendidikan Dan Kebudayaan,Kementerian Pendidikan Dan Kebudayaan,9786022823483,2014,Kelas VII,Buku Paket Kelas VII,75000,1,Buku Guru Prakarya
English On Sky 1,"Mukerto, Widya Kiswara, Sujatmiko Bambang Santoso, Josephine Sri Murwani",Penerbit Erlangga,9786024342159,2017,Kelas VII,Buku Paket Kelas VII,75000,1,English On Sky 1
Learning More English 1,"Ai Siti Djamilah, Titie K.Surtiyah, Anwar Sofyanda",Facil,9786020103402,2013,Kelas VII,Buku Paket Kelas VII,75000,1,Learning More English 1
Penjasorkes 1 SMP/MTs,"Surtiyo Utomo, Suwandi",Bumi Aksara,9790101260,2008,Kelas VII,Buku Paket Kelas VII,75000,2,Penjasorkes 1 SMP/MTs
Mahir Berbahasa Indonesia Untuk SMP/MTs Kelas VII,Tim Edukatif,Penerbit Erlangga,9786022989875,2016,Kelas VII,Buku Paket Kelas VII,75000,2,Mahir Berbahasa Indonesia Untuk SMP/MTs Kelas VII
Pembelajaran IPS Terpadu Untuk Kelas VII,"Sardiman, dkk",Platinum,9789790185043,2012,Kelas VII,Buku Paket Kelas VII,75000,1,Pembelajaran IPS Terpadu Untuk Kelas VII
Buku Guru Bahasa Indonesia Wahana Pengetahuan,Kementerian Pendidikan Dan Kebudayaan,Kementerian Pendidikan Dan Kebudayaan,9786022823902,2014,Kelas VII,Buku Paket Kelas VII,75000,1,Buku Guru Bahasa Indonesia Wahana Pengetahuan
Ayo Memahami Sejarah Kebudayaan Islam Untuk MTs Kelas VII,"Mahrus As'ad, Adad Nursahad",Penerbit Erlangga,9786024869601,2020,Kelas VII,Buku Paket Kelas VII,75000,1,Ayo Memahami Sejarah Kebudayaan Islam Untuk MTs Kelas VII
Bahasa Indonesia Wahana Pengetahuan Kelas VII,Kementerian Pendidikan Dan Kebudayaan,Kementerian Pendidikan Dan Kebudayaan,9786022823865,2014,Kelas VII,Buku Paket Kelas VII,75000,1,Bahasa Indonesia Wahana Pengetahuan Kelas VII
Seni Budaya Banten Untuk Kelas VII SMP/MTs,Firman Sapardani dkk,PT Tiga Serangkai Pustaka Mandiri,9789790454712,2010,Kelas VII,Buku Paket Kelas VII,75000,1,Seni Budaya Banten Untuk Kelas VII SMP/MTs
Bahasa Indonesia Untuk SMP Kelas VII,"Putri Amari, Indah Amijati Ardy",Quadra,9789790547490,2014,Kelas VII,Buku Paket Kelas VII,75000,1,Bahasa Indonesia Untuk SMP Kelas VII
Mari Belajar IPS Untuk SMP/MTs Kelas VII,"Muh. Nurdin, S.W Warsito, Muh Nursa'ban",Pusat Perbukuan Depertemen Pendidikan Nasional ,9794629812,2008,Kelas VII,Buku Paket Kelas VII,75000,1,Mari Belajar IPS Untuk SMP/MTs Kelas VII
Fasih Berbahasa Arab Untuk Kelas 1,"H.Darsono, T.Ibrahim",PT Tiga Serangkai Pustaka Mandiri,9796684152,2003,Kelas VII,Buku Paket Kelas VII,75000,2,Fasih Berbahasa Arab Untuk Kelas 1
Fikih,Kementerian Agama,Kementerian Agama,9789798446627,2014,Kelas VII,Buku Paket Kelas VII,75000,118,Fikih
Buku Guru Akidah Akhlak,Kementerian Agama,Kementerian Agama,9789798446679,2014,Kelas VII,Buku Paket Kelas VII,75000,9,Buku Guru Akidah Akhlak
Buku Guru Fiqih,Kementerian Agama,Kementerian Agama,9789798446641,2014,Kelas VII,Buku Paket Kelas VII,75000,7,Buku Guru Fiqih
Ilmu Pengetahuan Alam Semester 1,Kementerian Pendidikan Dan Kebudayaan,Kementerian Pendidikan Dan Kebudayaan,9786024270018,2017,Kelas VII,Buku Paket Kelas VII,75000,56,Ilmu Pengetahuan Alam Semester 1
Ilmu Pengetahuan Alam Semester 2,Kementerian Pendidikan Dan Kebudayaan,Kementerian Pendidikan Dan Kebudayaan,9786024270025,2017,Kelas VII,Buku Paket Kelas VII,75000,64,Ilmu Pengetahuan Alam Semester 2
Learning More Art & Culture 1,Yuliawan Kasmahidayat dkk,Grafindo Media Pratama,9786020015125,2011,Kelas VII,Buku Paket Kelas VII,75000,102,Learning More Art & Culture 1
Sejarah Kebudayaan Islam,Tim Penyusun Kementerian Agama,"Direktorat pendidikan Madrasah,Direktorat Jenderal Pendidikan Islam,Kementerian Agama Republik Indonesia",9789798446764,2014,Kelas VII,Buku Paket Kelas VII,75000,11,Sejarah Kebudayaan Islam
Bright English Course SMP\MTs ,Nur Zaida,Erlangga,9786022414117,2013,Kelas VII,Buku Paket Kelas VII,75000,26,Bright English Course SMP\MTs 
Ilmu Pengetahuan Sosial,"Drs. K.Wardiyatmoko,M.M.",Erlangga,9789790159594,2009,Kelas VII,Buku Paket Kelas VII,75000,7,Ilmu Pengetahuan Sosial
Pengetahuan Sosial Geografi,"Drs. Kuswanto,M.M.,dkk",PT Tiga Serangkai Pustaka Mandiri,9796687763,2004,Kelas VII,Buku Paket Kelas VII,75000,4,Pengetahuan Sosial Geografi
Pendidikan Lingkungan Hidup kls VII,"Drs. Mohamad Abas,M.Pd.,dkk",Erlangga,9789790755314,2010,Kelas VII,Buku Paket Kelas VII,75000,7,Pendidikan Lingkungan Hidup kls VII
Bahasa Indonesia,"Atikah Anindyarini, Sri Ningsih",Pusat Perbukuan Departemen Pendidikan Nasional,9794629383,2008,Kelas VII,Buku Paket Kelas VII,75000,7,Bahasa Indonesia
Seni Budaya: Buku Guru,"Eko Purnomo,dkk","Pusat Kurikulum dan Perbukuan,Balitbang,Kemdikbud",9786024270285,2017,Kelas VII,Buku Paket Kelas VII,75000,1,Seni Budaya: Buku Guru
Pendidikan Agama Islam dan Budi Pekerti,"Muhammad Ahsan,dkk",CV Arya Duta,9786022829133,2017,Kelas VII,Buku Paket Kelas VII,75000,8,Pendidikan Agama Islam dan Budi Pekerti
Pedoman Al-Qur`an dan Hadis 1,"T.Ibrahim,H.Darsono",PT Tiga Serangkai Pustaka Mandiri,9786022577768,2014,Kelas VII,Buku Paket Kelas VII,75000,1,Pedoman Al-Qur`an dan Hadis 1
Al-Qur`an Hadis 1,Maman A.Djaliel,CV.Amrico,9789797276799,2008,Kelas VII,Buku Paket Kelas VII,75000,18,Al-Qur`an Hadis 1
FIKIH 1,Tatang Ibrahim,CV.Amrico,9789797276874,2008,Kelas VII,Buku Paket Kelas VII,75000,18,FIKIH 1
Akidah-Akhlak 1,H.A.Wahid Sy,CV.Amrico,9789797276751,2008,Kelas VII,Buku Paket Kelas VII,75000,15,Akidah-Akhlak 1
Pendidikan Pancasila dan Kewarganegaraan,"Dra. Sri Tutik Cahyaningsih,M.Pd.",Erlangga,9786022540366,2013,Kelas VII,Buku Paket Kelas VII,75000,17,Pendidikan Pancasila dan Kewarganegaraan
Bahasa Arab:Buku Guru,Tim Penyusun Kementerian Agama,Kementerian Agama,9789798446740,2014,Kelas VII,Buku Paket Kelas VII,75000,21,Bahasa Arab:Buku Guru
IPS Sejarah,"Drs. C.S.T. Kansil,SH",Erlangga,9794111961,1994,Kelas VII,Buku Paket Kelas VII,75000,12,IPS Sejarah
Bahasa Inggris,"Siti Wachidah,dkk","Pusat Kurikulum dan Perbukuan,Balitbang,Kemdikbud",9786022829775,2017,Kelas VII,Buku Paket Kelas VII,75000,107,Bahasa Inggris
Sejarah Kebudayaan Islam 1,Tatang Ibrahim,CV Amrico,9789797276911,2008,Kelas VII,Buku Paket Kelas VII,75000,84,Sejarah Kebudayaan Islam 1
Al-Qur`an Hadis ,Kementerian Agama,Kementerian Agama,9789798446580,2014,Kelas VII,Buku Paket Kelas VII,75000,116,Al-Qur`an Hadis 
Pendidikan Pancasila dan Kewarganegaraan,"Lukman Surya Saputra,dkk","Pusat Kurikulum dan Perbukuan,Balitbang,Kemdikbud",9786022829614,2017,Kelas VII,Buku Paket Kelas VII,75000,261,Pendidikan Pancasila dan Kewarganegaraan
Al-Qur`an Hadis: Buku Guru,Kementerian Agama,Kementerian Agama,9789798446603,2014,Kelas VII,Buku Paket Kelas VII,75000,28,Al-Qur`an Hadis: Buku Guru
"Bahasa Inggris,When English Rings the Bell:Buku Guru","Siti Wachidah,dkk",Kementerian Pendidikan dan Kebudayaan,9786022829812,2017,Kelas VII,Buku Paket Kelas VII,75000,1,"Bahasa Inggris,When English Rings the Bell:Buku Guru"
Contextual Teaching and Learning Pendidikan Kewarganegaraan,"A.T Sugeng Priyanto,dkk",Pusat Perbukuan Departemen Pendidikan Nasional,979462456X,2008,Kelas VII,Buku Paket Kelas VII,75000,6,Contextual Teaching and Learning Pendidikan Kewarganegaraan
Matematika 1A,"M.Cholik Adinawan,Sugijono",Erlangga,9786022414469,2013,Kelas VII,Buku Paket Kelas VII,75000,25,Matematika 1A
Matematika: Buku Guru,"Abdur Rahman As`ari,dkk",Kementerian Pendidikan dan Kebudayaan,9786022829928,2017,Kelas VII,Buku Paket Kelas VII,75000,1,Matematika: Buku Guru
Akidah Akhlak,Kementerian Agama,Kementerian Agama,9789798446665,2014,Kelas VII,Buku Paket Kelas VII,75000,75,Akidah Akhlak
Seni Budaya,Kementerian Pendidikan dan Kebudayaan,Kementerian Pendidikan dan Kebudayaan,9786024270247,2017,Kelas VII,Buku Paket Kelas VII,75000,63,Seni Budaya
Prakarya,"Sugianto, dkk",Penebit Erlangga,9786022418849,2014,Kelas VII,Buku Paket Kelas VII,75000,22,Prakarya
Smart Steps ,Ali Akhmadi &  Ida Safrida,Penerbit Ganeca Exact,9797442764,2005,Kelas VII,Buku Paket Kelas VII,75000,43,Smart Steps 
Bahasa dan Sastra Indonesia,"Nurhadi, dkk",Penerbit Erlangga,9789797816582,2005,Kelas VII,Buku Paket Kelas VII,75000,26,Bahasa dan Sastra Indonesia
English in Focus,"Artono Wardiman, dkk",Pusat Perbukuan Depertemen Pendidikan Nasional,9794629707,2008,Kelas VII,Buku Paket Kelas VII,75000,56,English in Focus
"Pendidikan Jasmani, Olahraga, dan Kesehatan",Kementerian Pendidikan dan Kebudayaan,Kementerian Pendidikan dan Kebudayaan,9786024270162,2017,Kelas VII,Buku Paket Kelas VII,75000,34,"Pendidikan Jasmani, Olahraga, dan Kesehatan"
Mahir Berbahasa Indonesia,Tim Edukatif,Penerbit Erlangga,9789790995437,2013,Kelas VII,Buku Paket Kelas VII,75000,65,Mahir Berbahasa Indonesia
Ilmu Pengetahuan Alam Semester 1,"Wahono Widodo, dkk",Kementerian  Pendidikan dan Kebudayaan,9786024270018,2017,Kelas VII,Buku Paket Kelas VII,75000,14,Ilmu Pengetahuan Alam Semester 1
Ilmu Pengetahuan Alam Semester 2,"Wahono Widodo, dkk",Kementerian  Pendidikan dan Kebudayaan,9786024270001,2017,Kelas VII,Buku Paket Kelas VII,75000,14,Ilmu Pengetahuan Alam Semester 2
Matematika Semester 1,Abdur Rahman As'ari,Kementerian  Pendidikan dan Kebudayaan,9786022829842,2017,Kelas VII,Buku Paket Kelas VII,75000,49,Matematika Semester 1
Matematika Semester 2,Abdur Rahmbn As'ari,Kementerian  Pendidikan dan Kebudayaan,9786022829843,2017,Kelas VII,Buku Paket Kelas VII,75000,73,Matematika Semester 2
Bahasa dan Sastra Indonesia,"Titik Harsiati, dkk",Kementerian  Pendidikan dan Kebudayaan,9786022829683,2017,Kelas VII,Buku Paket Kelas VII,75000,83,Bahasa dan Sastra Indonesia
Prakarya Semester 1,"Suci Paresti dkk,",Kementerian  Pendidikan dan Kebudayaan,9786024270312,2017,Kelas VII,Buku Paket Kelas VII,75000,511,Prakarya Semester 1
Prakarya Semester 2,"Suci Paresti dkk,",Kementerian  Pendidikan dan Kebudayaan,9786024270339,2017,Kelas VII,Buku Paket Kelas VII,75000,3,Prakarya Semester 2
Buku Guru Prakarya,Kementerian  Pendidikan dan Kebudayaan,Kementerian  Pendidikan dan Kebudayaan,9786022823483,2014,Kelas VII,Buku Paket Kelas VII,75000,2,Buku Guru Prakarya
Ilmu Pengetahuan Sosial,Iwan Setiawan,Kementerian  Pendidikan dan Kebudayaan,9786024270087,2017,Kelas VII,Buku Paket Kelas VII,75000,239,Ilmu Pengetahuan Sosial
Bahasa Arab,"Zaenal Muttaqin, dkk",Kementerian Agama,9789798446726,2014,Kelas VII,Buku Paket Kelas VII,75000,82,Bahasa Arab
English in Focus for GradeVIII Junior High School,"Artono Wardiman,dkk",Pusat Perbukuan Departemen Pendidikan Nasional,9794629715,2008,Kelas VIII,Buku Paket Kelas VIII,75000,40,English in Focus for GradeVIII Junior High School
Bright an English Course ,Nur Zaida,Erlangga,9786022414124,2014,Kelas VIII,Buku Paket Kelas VIII,75000,19,Bright an English Course 
Al-Qur`an Hadits: Buku Guru,Tim Penyusun Kementrian Agama,"Direktorat pendidikan Madrasah,Direktorat Jenderal Pendidikan Islam,Kementerian Agama Republik Indonesia",9786022930617,2015,Kelas VIII,Buku Paket Kelas VIII,75000,22,Al-Qur`an Hadits: Buku Guru
Pendidikan Jasmani Olahraga Dan Kesehatan,Tim Penyusun Menteri Pendidikan dan Kebudayaan,"Pusat Kurikulum dan Perbukuan,Balitbang,Kemdikbud",9786021530801,2014,Kelas VIII,Buku Paket Kelas VIII,75000,13,Pendidikan Jasmani Olahraga Dan Kesehatan
Pendidikan Jasmani Olahraga Dan Kesehatan,Roji dan Eva Yulianti,"Pusat Kurikulum dan Perbukuan,Balitbang,Kemdikbud",9786024270179,2017,Kelas VIII,Buku Paket Kelas VIII,75000,1,Pendidikan Jasmani Olahraga Dan Kesehatan
Ilmu Pengetahuan Alam:Semester 1,Tim Penyusun kementrian Pendidikan dan Kebudayaan,"Pusat Kurikulum dan Perbukuan,Balitbang,Kemdikbud",9786022823179,2017,Kelas VIII,Buku Paket Kelas VIII,75000,2,Ilmu Pengetahuan Alam:Semester 1
Ilmu Pengetahuan Alam:Semester 2,Tim Penyusun kementrian Pendidikan dan Kebudayaan,"Pusat Kurikulum dan Perbukuan,Balitbang,Kemdikbud",9786022823186,2019,Kelas VIII,Buku Paket Kelas VIII,75000,46,Ilmu Pengetahuan Alam:Semester 2
Mahir Berbahasa Indonesia Indonesia ,"Tim Edukatif(Wahono,M.Pd.,dkk)",Erlangga,9786022418122,2013,Kelas VIII,Buku Paket Kelas VIII,75000,23,Mahir Berbahasa Indonesia Indonesia 
Pendidikan Pancasila dan Kewarganegaraan,"Yuyus Kardiman M.Pd.,dkk",Erlangga,9786024340148,2016,Kelas VIII,Buku Paket Kelas VIII,75000,4,Pendidikan Pancasila dan Kewarganegaraan
Pendidikan Pancasila dan Kewarganegaraan,Sri Tutik Cahyaningsih,Erlangga,9786022540373,2014,Kelas VIII,Buku Paket Kelas VIII,75000,10,Pendidikan Pancasila dan Kewarganegaraan
Pendidikan Kewarganegaraan,"C.S.T.Kansil,dkk",PT Bumi Aksara,9789790100527,2007,Kelas VIII,Buku Paket Kelas VIII,75000,1,Pendidikan Kewarganegaraan
Belajar Memahami Kewarganegaraan,"Samidi,dkk",PT Tiga Serangkai Pustaka Mandiri,9789790183070,2012,Kelas VIII,Buku Paket Kelas VIII,75000,1,Belajar Memahami Kewarganegaraan
Belajar IPA:Membuka Cakrawala dan Sekitar,"Saeful Karim,dkk",Pusat Perbukuan Departemen Pendidikan Nasional,9793629766,2008,Kelas VIII,Buku Paket Kelas VIII,75000,1,Belajar IPA:Membuka Cakrawala dan Sekitar
Bright an English Course ,Nur Zaida,Erlangga,9786022418733,2017,Kelas VIII,Buku Paket Kelas VIII,75000,2,Bright an English Course 
Fasih Berbahasa Arab,Drs.H. Darsono dan Drs. T. Ibrahim,PT Tiga Serangkai Pustaka Mandiri,9796684160,2004,Kelas VIII,Buku Paket Kelas VIII,75000,1,Fasih Berbahasa Arab
Effective English,Soegeng HS,PT Tiga Serangkai Pustaka Mandiri,9796685108,2004,Kelas VIII,Buku Paket Kelas VIII,75000,2,Effective English
Membangun Akidah dan Akhlak,Drs. T. Ibrahim dan Drs. H.Darsono,PT Tiga Serangkai Pustaka Mandiri,9796684128,2003,Kelas VIII,Buku Paket Kelas VIII,75000,1,Membangun Akidah dan Akhlak
Bahasa Arab,Maman A.Djaliel,CV Amrico,9789797276843,2009,Kelas VIII,Buku Paket Kelas VIII,75000,1,Bahasa Arab
Mahir Berbahasa Indonesia Indonesia ,"Tim Edukatif(Wahono,M.Pd.,dkk)",Erlangga,9786022989882,2016,Kelas VIII,Buku Paket Kelas VIII,75000,6,Mahir Berbahasa Indonesia Indonesia 
Pengetahuan Sosial Ekonomi,"Suroso, Rendro Adi Widigdo",PT Tiga Serangkai Pustaka Mandiri,9796687933,2004,Kelas VIII,Buku Paket Kelas VIII,75000,3,Pengetahuan Sosial Ekonomi
Pengetahuan Sosial Geografi,"Drs.Kuswanto,M.M.,dkk",PT Tiga Serangkai Pustaka Mandiri,9796687771,2004,Kelas VIII,Buku Paket Kelas VIII,75000,1,Pengetahuan Sosial Geografi
Bahasa Indonesia: Buku Guru,Tim Penyusun Menteri Pendidikan dan Kebudayaan,"Pusat Kurikulum dan Perbukuan,Balitbang,Kemdikbud",9786021530924,2014,Kelas VIII,Buku Paket Kelas VIII,75000,1,Bahasa Indonesia: Buku Guru
Akidah Akhlak,H.A.Wahid Sy,CV Amrico,9789797276768,2008,Kelas VIII,Buku Paket Kelas VIII,75000,4,Akidah Akhlak
Sejarah Kebudayaan Islam,Tatang Ibrahim,CV Amrico,9789797276928,2008,Kelas VIII,Buku Paket Kelas VIII,75000,80,Sejarah Kebudayaan Islam
Matematika,M.Cholik Adinawan,Erlangga,9786022419082,2016,Kelas VIII,Buku Paket Kelas VIII,75000,1,Matematika
Pendidikan Kewarganegaraan,"Dadang Sundawa,dkk",Pusat Perbukuan Departemen Pendidikan Nasional,9794624578,2008,Kelas VIII,Buku Paket Kelas VIII,75000,8,Pendidikan Kewarganegaraan
Matematika: Konsep dan Aplikasinya,"Dewi Nurharini,Tri Wahyuni",Pusat Perbukuan Departemen Pendidikan Nasional,9794629995,2008,Kelas VIII,Buku Paket Kelas VIII,75000,4,Matematika: Konsep dan Aplikasinya
Seribu Pena Matematika,M.Cholik Adinawan,Erlangga,9789790332768,2008,Kelas VIII,Buku Paket Kelas VIII,75000,1,Seribu Pena Matematika
Seni Budaya,"Dyah Purwani Setianingsih,M.Pd.",Erlangga,9786024342838,2019,Kelas VIII,Buku Paket Kelas VIII,75000,1,Seni Budaya
 Ayo Memahami Al-Qur`an dan Hadits,"Nurhadi,S.Ag M.Pd.,Sunariyah S.Ag",Erlangga,9786232660663,2021,Kelas VIII,Buku Paket Kelas VIII,75000,1, Ayo Memahami Al-Qur`an dan Hadits
Pendidikan Agama Islam:Fikih,"Zainal Muttaqin,MA, Drs.Amir Abyan,MA",PT Karya Toha Putra,9786027718814,2015,Kelas VIII,Buku Paket Kelas VIII,75000,1,Pendidikan Agama Islam:Fikih
The Bridge English Competence,"Kistono,Dipl.TESOL,MA,dkk",Yudhistira,9796767511,2004,Kelas VIII,Buku Paket Kelas VIII,75000,1,The Bridge English Competence
Pengetahuan Sosial Sejarah,"Drs.Suparman,Drs.Kuswanto,M.M",PT Tiga Serangkai Pustaka Mandiri,9796687852,2004,Kelas VIII,Buku Paket Kelas VIII,75000,1,Pengetahuan Sosial Sejarah
IPA Terpadu,Tim Abdi Guru,Erlangga,9786022414544,2014,Kelas VIII,Buku Paket Kelas VIII,75000,2,IPA Terpadu
Prakarya,"Sugiyanto,M.Pd.,dkk",Erlangga,9786024342883,2017,Kelas VIII,Buku Paket Kelas VIII,75000,1,Prakarya
"Pandai Baca,Tulis,dan Tahfiz Al-Qur`an","Drs.Abdul Rosyid,M.Pd",Erlangga,9786022980889,2014,Kelas VIII,Buku Paket Kelas VIII,75000,1,"Pandai Baca,Tulis,dan Tahfiz Al-Qur`an"
Mandiri Practise Your English Competence,Nur Zaida,Erlangga,9786022419815,2014,Kelas VIII,Buku Paket Kelas VIII,75000,1,Mandiri Practise Your English Competence
Ayo Memahami Fiqih,"H.Jamhari, M.PA.I & Tasimin, S.Ag. M.S.I",Erlangga,9786022985211,2017,Kelas VIII,Buku Paket Kelas VIII,75000,1,Ayo Memahami Fiqih
Learning More Art and Culture 2,"Yuliawan Kasmahidayat,dkk",Grafindo Media Pratama,9786020015132,2011,Kelas VIII,Buku Paket Kelas VIII,75000,55,Learning More Art and Culture 2
Bahasa Arab,Masrukhin,"Direktorat KSKK Madrasah, Direktorat Jenderal Pendidikan Islam, Kementrian Agama RI",9786236687413,2020,Kelas VIII,Buku Paket Kelas VIII,75000,6,Bahasa Arab
Penjasorkes 2,"Prof. Dr. Sukadiyanto,M.Pd.",Quadra,9786023014415,2017,Kelas VIII,Buku Paket Kelas VIII,75000,2,Penjasorkes 2
Seni Budaya: Buku Guru,"Eko Purnomo,dkk","Pusat Kurikulum dan Perbukuan,Balitbang,Kemdikbud",9786022823353,2017,Kelas VIII,Buku Paket Kelas VIII,75000,22,Seni Budaya: Buku Guru
Fikih:Buku Guru,Tim Penyusun Kementerian Agama,"Direktorat pendidikan Madrasah,Direktorat Jenderal Pendidikan Islam,Kementerian Agama Republik Indonesia",9786022930655,2015,Kelas VIII,Buku Paket Kelas VIII,75000,17,Fikih:Buku Guru
Penjasorkes ,"Surtiyo Utomo,Suwandi",PT Bumi Aksara,9789790101272,2008,Kelas VIII,Buku Paket Kelas VIII,75000,2,Penjasorkes 
Bahasa Arab,Tim Penyusun Kementerian Agama,"Direktorat Pendidikan Madrasah,Direktorat Jenderal Pendidikan Islam,Kementerian Agama Republik Indonesia",9786022930730,2015,Kelas VIII,Buku Paket Kelas VIII,75000,228,Bahasa Arab
Al-Qur`an Hadits ,Maman A.Djaliel,CV Amrico,9789797276805,2008,Kelas VIII,Buku Paket Kelas VIII,75000,2,Al-Qur`an Hadits 
Fikih 2,Tatang Ibrahim,CV Amrico,9789797276881,2008,Kelas VIII,Buku Paket Kelas VIII,75000,9,Fikih 2
Bahasa Arab:Buku Guru,Tim Penyusun Kementerian Agama,"Direktorat pendidikan Madrasah,Direktorat Jenderal Pendidikan Islam,Kementerian Agama Republik Indonesia",9786022930754,2015,Kelas VIII,Buku Paket Kelas VIII,75000,10,Bahasa Arab:Buku Guru
Akidah Akhlak: Buku Guru,Tim Penyusun Kementerian Agama,"Direktorat pendidikan Madrasah,Direktorat Jenderal Pendidikan Islam,Kementerian Agama Republik Indonesia",9786022930693,2015,Kelas VIII,Buku Paket Kelas VIII,75000,35,Akidah Akhlak: Buku Guru
Prakarya,Tim Penyusun Kementerian Pendidikan dan Kebudayaan,"Pusat Kurikulum dan Perbukuan,Balitbang,Kemdikbud",9786024270353,2017,Kelas VIII,Buku Paket Kelas VIII,75000,19,Prakarya
Seni Budaya,"Dyah Purwani Setianingsih,M.Pd.,dkk",Erlangga,9786024342838,2017,Kelas VIII,Buku Paket Kelas VIII,75000,1,Seni Budaya
Bahasa dan Sastra Indonesia,"Nurhadi,dkk",Erlangga,9797816591,2005,Kelas VIII,Buku Paket Kelas VIII,75000,4,Bahasa dan Sastra Indonesia
Pendidikan Jasmani Olahraga Dan Kesehatan,"Dr.Trisyono,M.Pd.,dkk",Erlangga,9786022983477,2015,Kelas VIII,Buku Paket Kelas VIII,75000,11,Pendidikan Jasmani Olahraga Dan Kesehatan
Pendidikan jasmani  Dan Kesehatan,"Djedje Zainul Arifin,dkk",PT Aries Lima ,9794392960,1996,Kelas VIII,Buku Paket Kelas VIII,75000,2,Pendidikan jasmani  Dan Kesehatan
Berbahasa dan Bersastra Indonesia,"Asep Yudha Wirajaya,Sudarmawarti",Pusat Perbukuan Departemen Pendidikan Nasional,9794629936,2008,Kelas VIII,Buku Paket Kelas VIII,75000,55,Berbahasa dan Bersastra Indonesia
Sejarah Kebudayaan Islam,Tim Penyusun Kementerian Agama,"Direktorat pendidikan Madrasah,Direktorat Jenderal Pendidikan Islam,Kementerian Agama Republik Indonesia",9786022930778,2015,Kelas VIII,Buku Paket Kelas VIII,75000,19,Sejarah Kebudayaan Islam
Pendidikan Lingkungan Hidup,"Drs. Mohamad Abas,M.Pd.,dkk",Erlangga,9789790755321,2010,Kelas VIII,Buku Paket Kelas VIII,75000,9,Pendidikan Lingkungan Hidup
Biologi 2,Daroji dan Haryati,PT Tiga Serangkai Pustaka Mandiri,9789790847941,2012,Kelas VIII,Buku Paket Kelas VIII,75000,1,Biologi 2
FIKIH,Tim Penyusun Kementerian Agama,"Direktorat pendidikan Madrasah,Direktorat Jenderal Pendidikan Islam,Kementerian Agama Republik Indonesia",9786022930631,2015,Kelas VIII,Buku Paket Kelas VIII,75000,88,FIKIH
Ilmu Pengetahuan Sosial,"Y.Sri Pujiastuti,dkk",Erlangga,9786022540588,2014,Kelas VIII,Buku Paket Kelas VIII,75000,12,Ilmu Pengetahuan Sosial
Bahasa Indonesia,Tim Penyusun Kementerian Pendidikan dan Kebudayaan,"Pusat Kurikulum dan Perbukuan,Balitbang,Kemdikbud",9786022829706,2016,Kelas VIII,Buku Paket Kelas VIII,75000,8,Bahasa Indonesia
Smart Steps: The Smartest way to Learn English,"Ali Akhmadi, Ida Safrida",Ganeca Exact,9797442576,2005,Kelas VIII,Buku Paket Kelas VIII,75000,25,Smart Steps: The Smartest way to Learn English
Bahasa Inggris: When English Rings a Bell,"Siti Wachidah,dkk","Pusat Kurikulum dan Perbukuan,Balitbang,Kemdikbud",9786022829782,2017,Kelas VIII,Buku Paket Kelas VIII,75000,44,Bahasa Inggris: When English Rings a Bell
Sejarah Kebudayaan Islam: Buku Guru,Tim Penyusun Kementerian Agama,"Direktorat pendidikan Madrasah,Direktorat Jenderal Pendidikan Islam,Kementerian Agama Republik Indonesia",9786022930792,2015,Kelas VIII,Buku Paket Kelas VIII,75000,31,Sejarah Kebudayaan Islam: Buku Guru
Ilmu Pengetahuan Sosial,Tim Penyusun Kementerian Pendidikan dan Kebudayaan,CV Arya Duta,9786022823278,2017,Kelas VIII,Buku Paket Kelas VIII,75000,207,Ilmu Pengetahuan Sosial
Matematika 2A,"M.Cholik Adinawan,Sugijono",Erlangga,9786022414483,2014,Kelas VIII,Buku Paket Kelas VIII,75000,39,Matematika 2A
Matematika: Semester 1,"Abdur Rahman As`ari,dkk","Pusat Kurikulum dan Perbukuan,Balitbang,Kemdikbud",9786022829784,2017,Kelas VIII,Buku Paket Kelas VIII,75000,43,Matematika: Semester 1
Matematika: Semester 2,"Abdur Rahman As`ari,dkk","Pusat Kurikulum dan Perbukuan,Balitbang,Kemdikbud",9786022829881,2017,Kelas VIII,Buku Paket Kelas VIII,75000,51,Matematika: Semester 2
PATEN(Paket Terpadu Jempolan),Tim Abdi Guru,Erlangga,9786022411192,2012,Kelas VIII,Buku Paket Kelas VIII,75000,1,PATEN(Paket Terpadu Jempolan)
Pendidikan Pancasila dan Kewarganegaraan,"Lukman Surya Saputra,dkk",CV Arya Duta,9786022829621,2017,Kelas VIII,Buku Paket Kelas VIII,75000,225,Pendidikan Pancasila dan Kewarganegaraan
Sejarah Kebudayaan Islam,Tim Penyusun Kementerian Agama,"Direktorat pendidikan Madrasah,Direktorat Jenderal Pendidikan Islam,Kementerian Agama Republik Indonesia",9789798446764,2014,Kelas VIII,Buku Paket Kelas VIII,75000,11,Sejarah Kebudayaan Islam
Bright English Course SMP\MTs ,Nur Zaida,Erlangga,9786022414117,2013,Kelas VIII,Buku Paket Kelas VIII,75000,26,Bright English Course SMP\MTs 
Ilmu Pengetahuan Sosial,"Drs. K.Wardiyatmoko,M.M.",Erlangga,9789790159594,2009,Kelas VIII,Buku Paket Kelas VIII,75000,7,Ilmu Pengetahuan Sosial
Pengetahuan Sosial Geografi,"Drs. Kuswanto,M.M.,dkk",PT Tiga Serangkai Pustaka Mandiri,9796687763,2004,Kelas VIII,Buku Paket Kelas VIII,75000,4,Pengetahuan Sosial Geografi
Pendidikan Lingkungan Hidup kls VII,"Drs. Mohamad Abas,M.Pd.,dkk",Erlangga,9789790755314,2010,Kelas VIII,Buku Paket Kelas VIII,75000,7,Pendidikan Lingkungan Hidup kls VII
Bahasa Indonesia,"Atikah Anindyarini, Sri Ningsih",Pusat Perbukuan Departemen Pendidikan Nasional,9794629383,2008,Kelas VIII,Buku Paket Kelas VIII,75000,7,Bahasa Indonesia
Seni Budaya: Buku Guru,"Eko Purnomo,dkk","Pusat Kurikulum dan Perbukuan,Balitbang,Kemdikbud",9786024270285,2017,Kelas VIII,Buku Paket Kelas VIII,75000,1,Seni Budaya: Buku Guru
Pendidikan Agama Islam dan Budi Pekerti,"Muhammad Ahsan,dkk",CV Arya Duta,9786022829133,2017,Kelas VIII,Buku Paket Kelas VIII,75000,8,Pendidikan Agama Islam dan Budi Pekerti
Pedoman Al-Qur`an dan Hadis 1,"T.Ibrahim,H.Darsono",PT Tiga Serangkai Pustaka Mandiri,9786022577768,2014,Kelas VIII,Buku Paket Kelas VIII,75000,1,Pedoman Al-Qur`an dan Hadis 1
Al-Quran Hadis ,Tim Penyusun Kementerian Agama,"Direktorat pendidikan Madrasah,Direktorat Jenderal Pendidikan Islam,Kementerian Agama Republik Indonesia",9786022930594,2015,Kelas VIII,Buku Paket Kelas VIII,75000,71,Al-Quran Hadis 
Akidah Akhlak,Tim Penyusun Kementerian Agama,"Direktorat pendidikan Madrasah,Direktorat Jenderal Pendidikan Islam,Kementerian Agama Republik Indonesia",9786022930679,2015,Kelas VIII,Buku Paket Kelas VIII,75000,105,Akidah Akhlak
"Penjasorkes: Pendidikan Jasmani,Olahraga, dan Kesehatan 1","Surtiyo Utomo,Suwandi",PT Bumi Aksara,9790101260,2008,Kelas VIII,Buku Paket Kelas VIII,75000,3,"Penjasorkes: Pendidikan Jasmani,Olahraga, dan Kesehatan 1"
Al-Qur`an Hadis 1,Maman A.Djaliel,CV.Amrico,9789797276799,2008,Kelas VIII,Buku Paket Kelas VIII,75000,18,Al-Qur`an Hadis 1
FIKIH 1,Tatang Ibrahim,CV.Amrico,9789797276874,2008,Kelas VIII,Buku Paket Kelas VIII,75000,18,FIKIH 1
Akidah-Akhlak 1,H.A.Wahid Sy,CV.Amrico,9789797276751,2008,Kelas VIII,Buku Paket Kelas VIII,75000,15,Akidah-Akhlak 1
Pendidikan Pancasila dan Kewarganegaraan,"Dra. Sri Tutik Cahyaningsih,M.Pd.",Erlangga,9786022540366,2013,Kelas VIII,Buku Paket Kelas VIII,75000,17,Pendidikan Pancasila dan Kewarganegaraan
Bahasa Arab:Buku Guru,Tim Penyusun Kementerian Agama,Kementerian Agama,9789798446740,2014,Kelas VIII,Buku Paket Kelas VIII,75000,21,Bahasa Arab:Buku Guru
IPS Sejarah,"Drs. C.S.T. Kansil,SH",Erlangga,9794111961,1994,Kelas VIII,Buku Paket Kelas VIII,75000,12,IPS Sejarah
Bahasa Inggris,"Siti Wachidah,dkk","Pusat Kurikulum dan Perbukuan,Balitbang,Kemdikbud",9786022829775,2017,Kelas VIII,Buku Paket Kelas VIII,75000,107,Bahasa Inggris
Sejarah Kebudayaan Islam 1,Tatang Ibrahim,CV Amrico,9789797276911,2008,Kelas VIII,Buku Paket Kelas VIII,75000,84,Sejarah Kebudayaan Islam 1
Al-Qur`an Hadis ,Kementerian Agama,Kementerian Agama,9789798446580,2014,Kelas VIII,Buku Paket Kelas VIII,75000,116,Al-Qur`an Hadis 
Pendidikan Pancasila dan Kewarganegaraan,"Lukman Surya Saputra,dkk","Pusat Kurikulum dan Perbukuan,Balitbang,Kemdikbud",9786022829614,2017,Kelas VIII,Buku Paket Kelas VIII,75000,261,Pendidikan Pancasila dan Kewarganegaraan
Al-Qur`an Hadis: Buku Guru,Kementerian Agama,Kementerian Agama,9789798446603,2014,Kelas VIII,Buku Paket Kelas VIII,75000,28,Al-Qur`an Hadis: Buku Guru
"Bahasa Inggris,When English Rings the Bell:Buku Guru","Siti Wachidah,dkk",Kementerian Pendidikan dan Kebudayaan,9786022829812,2017,Kelas VIII,Buku Paket Kelas VIII,75000,1,"Bahasa Inggris,When English Rings the Bell:Buku Guru"
Contextual Teaching and Learning Pendidikan Kewarganegaraan,"A.T Sugeng Priyanto,dkk",Pusat Perbukuan Departemen Pendidikan Nasional,979462456X,2008,Kelas VIII,Buku Paket Kelas VIII,75000,6,Contextual Teaching and Learning Pendidikan Kewarganegaraan
Matematika 1A,"M.Cholik Adinawan,Sugijono",Erlangga,9786022414469,2013,Kelas VIII,Buku Paket Kelas VIII,75000,25,Matematika 1A
Matematika: Buku Guru,"Abdur Rahman As`ari,dkk",Kementerian Pendidikan dan Kebudayaan,9786022829928,2017,Kelas VIII,Buku Paket Kelas VIII,75000,1,Matematika: Buku Guru
Paradigma Baru Pendidikan Kewarganegaraan,"Drs. H. Sukarno, M. Si",Pustaka Pelajar,9786022294504,2015,0,"Ilmu Komputer, Informasi, dan Karya Umum",75000,1,Paradigma Baru Pendidikan Kewarganegaraan
Pendidikan AntiKorupsi untuk Sekolah dan Perguruan Tinggi,David Wijaya,Penerbit Indexs,9789790624824,2014,0,"Ilmu Komputer, Informasi, dan Karya Umum",75000,1,Pendidikan AntiKorupsi untuk Sekolah dan Perguruan Tinggi
Sistem Informasi Manajemen Pendidikan ,"Dr. Ir Hamid Al- Jufri,MM.,M.Kom",Smart Grafika,9786029974503,2011,0,"Ilmu Komputer, Informasi, dan Karya Umum",75000,1,Sistem Informasi Manajemen Pendidikan 
Manajemen Masjid Sekolah Sebagai Laboratorium Pendidikan Karakter: Konsep Dan Implementasinya ,"Dr. H. M. Najib, M.Hum,dkk",Gava Media,9786027869905,2015,0,"Ilmu Komputer, Informasi, dan Karya Umum",75000,11,Manajemen Masjid Sekolah Sebagai Laboratorium Pendidikan Karakter: Konsep Dan Implementasinya 
KORUPTOR GO TO HELL,Bibit S. Rianto,PT Mizan Publika ,9789793714790,2009,0,"Ilmu Komputer, Informasi, dan Karya Umum",75000,9,KORUPTOR GO TO HELL
Pengantar Hukum Tata Negara Indonesia,"Hasan Zaini, S.H",Penerbit Alumni,1234567890136,1974,0,"Ilmu Komputer, Informasi, dan Karya Umum",75000,1,Pengantar Hukum Tata Negara Indonesia
Undang-Undang Otonomi Daerah,Anggota IKAPI,Fokus Media,9786028733472,2011,0,"Ilmu Komputer, Informasi, dan Karya Umum",75000,1,Undang-Undang Otonomi Daerah
PEDOMAN KATALOGISASI Cara Mudah Membuat Katalog Perpustakaan,Drs. Yaya Suhendar,KDT,9793925035,2005,0,"Ilmu Komputer, Informasi, dan Karya Umum",75000,1,PEDOMAN KATALOGISASI Cara Mudah Membuat Katalog Perpustakaan
Pedoman Penyelenggaraan Perpustakaan Sekolah,"Drs. Pawit M. Yusuf, M.S dkk",Prenada Media,9793925027,2005,0,"Ilmu Komputer, Informasi, dan Karya Umum",75000,1,Pedoman Penyelenggaraan Perpustakaan Sekolah
Pencegahan Penyalahgunaan Narkoba Sejak Usia Dini,Tim Penyusun,Badan Narkotika Nasional,1234567890135,2007,0,"Ilmu Komputer, Informasi, dan Karya Umum",75000,1,Pencegahan Penyalahgunaan Narkoba Sejak Usia Dini
Pedoman Pelaksanaan P4GN Melalui Peran Serta Kepala Desa/Lurah,Tim Penyusun,Badan Narkotika Nasional,1234567890134,2007,0,"Ilmu Komputer, Informasi, dan Karya Umum",75000,1,Pedoman Pelaksanaan P4GN Melalui Peran Serta Kepala Desa/Lurah
Pedoman Tata Ruang Perpustakaan Sekolah,"Paramita Atmodiwirjo, Yandi Andri Yatmo",Perpustakaan Nasional RI,9789790081802,2015,0,"Ilmu Komputer, Informasi, dan Karya Umum",75000,1,Pedoman Tata Ruang Perpustakaan Sekolah
Panduan Bantuan Operasional Sekolah (BOS) dan BOS Buku Dalam Rangka Wajib Belajar 9 Tahun,Tim Penyusun,"Departemen Pendidikan Nasional, Departemen Agama",1234567890133,2006,0,"Ilmu Komputer, Informasi, dan Karya Umum",75000,1,Panduan Bantuan Operasional Sekolah (BOS) dan BOS Buku Dalam Rangka Wajib Belajar 9 Tahun
Manajemen Perpustakaan Sekolah,Hartono,Ar-Ruzz Media,9786023130528,2016,0,"Ilmu Komputer, Informasi, dan Karya Umum",75000,1,Manajemen Perpustakaan Sekolah
Daftar Tajuk Subyek Untuk Pepustakaan edisi ringkas,"J.N.B Tairas Dan Drs. Soekarman K., MLS",PT BPK Gunung Mulia,9789796879076,2011,0,"Ilmu Komputer, Informasi, dan Karya Umum",75000,1,Daftar Tajuk Subyek Untuk Pepustakaan edisi ringkas
Ensiklopedia Pemerintahan & Kewarganegaraan Jilid 1,"Kenneth Minogue, Aswita Ratih Fitriani",Lentera Abadi,9789793535760,2010,0,"Ilmu Komputer, Informasi, dan Karya Umum",75000,1,Ensiklopedia Pemerintahan & Kewarganegaraan Jilid 1
Ensiklopedia Pemerintahan & Kewarganegaraan Jilid 2,"Kenneth Minogue, Aswita Ratih Fitriani",Lentera Abadi,9789793535777,2010,0,"Ilmu Komputer, Informasi, dan Karya Umum",75000,1,Ensiklopedia Pemerintahan & Kewarganegaraan Jilid 2
Ensiklopedia Pemerintahan & Kewarganegaraan Jilid 3,"Kenneth Minogue, Aswita Ratih Fitriani",Lentera Abadi,9789793535784,2010,0,"Ilmu Komputer, Informasi, dan Karya Umum",75000,1,Ensiklopedia Pemerintahan & Kewarganegaraan Jilid 3
Ensiklopedia Pemerintahan & Kewarganegaraan Jilid 4,Drs. Hasyimsah,Lentera Abadi,9789793535807,2010,0,"Ilmu Komputer, Informasi, dan Karya Umum",75000,1,Ensiklopedia Pemerintahan & Kewarganegaraan Jilid 4
Ensiklopedia Pemerintahan & Kewarganegaraan Jilid 6,Drs. Hasyimsah,Lentera Abadi,9789793535821,2010,0,"Ilmu Komputer, Informasi, dan Karya Umum",75000,1,Ensiklopedia Pemerintahan & Kewarganegaraan Jilid 6
Ensiklopedia Pemerintahan & Kewarganegaraan Jilid 7,Drs. Hasyimsah,Lentera Abadi,9789793535838,2010,0,"Ilmu Komputer, Informasi, dan Karya Umum",75000,1,Ensiklopedia Pemerintahan & Kewarganegaraan Jilid 7
Pedoman Manajemen Supervisi Kepala Sekolah dan Pengawas,"Drs. Dudung Holidi, M.Pd",Griya Widya Pustaka,9786029899184,2012,0,"Ilmu Komputer, Informasi, dan Karya Umum",75000,1,Pedoman Manajemen Supervisi Kepala Sekolah dan Pengawas
Ensiklopedia Praja Muda Karana Jilid 2,Anton Kristiadi,Borobudur Inspira Nusantara,9786021151020,2014,0,"Ilmu Komputer, Informasi, dan Karya Umum",75000,1,Ensiklopedia Praja Muda Karana Jilid 2
Ensiklopedia Praja Muda Karana Jilid 3,Anton Kristiadi,Borobudur Inspira Nusantara,9786021151037,2014,0,"Ilmu Komputer, Informasi, dan Karya Umum",75000,1,Ensiklopedia Praja Muda Karana Jilid 3
Ensiklopedia Praja Muda Karana Jilid 4,Anton Kristiadi,Borobudur Inspira Nusantara,9786021151044,2014,0,"Ilmu Komputer, Informasi, dan Karya Umum",75000,1,Ensiklopedia Praja Muda Karana Jilid 4
Ensiklopedia Praja Muda Karana Jilid 5,Anton Kristiadi,Borobudur Inspira Nusantara,9786021151051,2014,0,"Ilmu Komputer, Informasi, dan Karya Umum",75000,1,Ensiklopedia Praja Muda Karana Jilid 5
Character Building,Erie Sudewo,Republika,9786028997294,2011,100,Filsafat dan Psikologi,75000,1,Character Building
Inspiring Teaching,Tea Taufik ,Gema Insani ,9789790771253,2009,100,Filsafat dan Psikologi,75000,1,Inspiring Teaching
Saleh Yang Salah,Handono Mardiyanto,Republika,9789791102872,2010,100,Filsafat dan Psikologi,75000,1,Saleh Yang Salah
Path Of Life,KOMARUDDIN HIDAYAT,PT Mizan Publika,9786021306307,2014,100,Filsafat dan Psikologi,75000,1,Path Of Life
Jurus Jitu Jadi Penyanyi Beken,Adjie Esa Poetra,DAR! Mizan,9789797528706,2008,100,Filsafat dan Psikologi,75000,1,Jurus Jitu Jadi Penyanyi Beken
Rahasia Menjadi Siswa Unggul,"Dr. Sumardi, M.Sc.",Penerbit Erlangga,9789790995062,2011,100,Filsafat dan Psikologi,75000,3,Rahasia Menjadi Siswa Unggul
I love Monday,Arvan Pradiansyah,Penerbit Kaifa PT Mizan Pustaka,9786027870437,2012,100,Filsafat dan Psikologi,75000,1,I love Monday
Hidden Heroes,Arif Koes dan Tim Kick Andy,PT. Bentang Pustaka,9786028811705,2012,100,Filsafat dan Psikologi,75000,1,Hidden Heroes
Semua Anak Bintang,Munif Chatib,"Kaifa, Mizan Pustaka",9786020851884,2017,100,Filsafat dan Psikologi,75000,1,Semua Anak Bintang
No More Galau,Achi T.M,PT. Bentang Pustaka,9786029397079,2012,100,Filsafat dan Psikologi,75000,1,No More Galau
Self Driving,Rhenald Kasali,Mizan ,9789794338513,2018,100,Filsafat dan Psikologi,75000,1,Self Driving
Tinggalkan Sekolah Sebelum Terlambat,James Marcus Bach,PT. Mizan Pustaka,9786028994330,2011,100,Filsafat dan Psikologi,75000,1,Tinggalkan Sekolah Sebelum Terlambat
"#Parents Learn, Biarkan Anak Bertanya",Munif Chatib,Kaifa,9786020851389,2016,100,Filsafat dan Psikologi,75000,1,"#Parents Learn, Biarkan Anak Bertanya"
Orangtuanya Manusia,Munif Chatif,PT. Mizan Pustaka,9786027870925,2012,100,Filsafat dan Psikologi,75000,1,Orangtuanya Manusia
Kamu Pasti Bisa Sukses!,"Judy Langelier, Pat Schwallie-Giddis, Claire Valier, Lovely",Mizan Learning Center,979361126x,2006,100,Filsafat dan Psikologi,75000,1,Kamu Pasti Bisa Sukses!
The Happy Therapy Book,Tara De Thouars,Literasi,9786028740654,2019,100,Filsafat dan Psikologi,75000,2,The Happy Therapy Book
Malas Itu Perlu : Menjadi Sukses Tanpa Susah Payah,Dodaeche,PT. Mizan Pustaka,9786020851990,2018,100,Filsafat dan Psikologi,75000,1,Malas Itu Perlu : Menjadi Sukses Tanpa Susah Payah
Peran Guru dalam Mengelola Keberbakatan Anak,Meity H. Idris,Luxima,9786022680734,2014,100,Filsafat dan Psikologi,75000,1,Peran Guru dalam Mengelola Keberbakatan Anak
Men's Search for Meaning,Fiktor E. Franki,PT. Mizan Publika,9786023854165,2017,100,Filsafat dan Psikologi,75000,1,Men's Search for Meaning
Muda Berdaya Karya Raya,Fahd Pahdepie,Republika Penerbit,9786025734724,2019,100,Filsafat dan Psikologi,75000,1,Muda Berdaya Karya Raya
SMART EMPOWERMENT TECHNIQUE,"Mohamad Soleh, S.Psi, MM, CNLP",Republika Penerbit,9786020822037,2015,100,Filsafat dan Psikologi,75000,1,SMART EMPOWERMENT TECHNIQUE
The Leader Who Had No Title,Robin Sharma,PT. Bentang Pustaka,9786022915065,2019,100,Filsafat dan Psikologi,75000,1,The Leader Who Had No Title
Rahasia Bersuci,Al-Imam Abu Hamid Al-Ghazali,PT. Mizan Publika,9786023850334,2015,100,Filsafat dan Psikologi,75000,1,Rahasia Bersuci
What's Your Mood,Kimberly  potts,Mizan Media Utama,9786021901373,2005,100,Filsafat dan Psikologi,75000,1,What's Your Mood
Kapal Nuh Abad 21,Emha Ainun Nadjib,Penerbit Bentang,9786022914037,2017,100,Filsafat dan Psikologi,75000,1,Kapal Nuh Abad 21
Be The New You,Wirda Mansur,Kata Depan,9786025713286,2018,100,Filsafat dan Psikologi,75000,2,Be The New You
Cara-Cara Efektif Mengasah EQ Remaja,"Maurice J.Elias, Steven E.Tobias, Brian S.Friedlander",Kaifa,9799452368,2002,100,Filsafat dan Psikologi,75000,1,Cara-Cara Efektif Mengasah EQ Remaja
Hitung Sendiri IQ Anda,Tim Smart Solution,B-First,9786021246382,2015,100,Filsafat dan Psikologi,75000,1,Hitung Sendiri IQ Anda
Ada Surga Di Telapak Kaki Ibu,Mokh. Syaiful Bakhri,Erlangga ,9789797816896,2006,5,Agama,75000,1,Ada Surga Di Telapak Kaki Ibu
Aids Dalam Islam,Ahmad Shams Madyan,Mizan Pustaka,9789794335413,2009,5,Agama,75000,1,Aids Dalam Islam
Panduan Puasa Bersama Quraish Shihab,Quraish Shihab,Republika,9786028997324,2011,5,Agama,75000,1,Panduan Puasa Bersama Quraish Shihab
Malaikat Di Surau Kami,Sunaryo Adhiatmoko,Republika,9789791102339,2008,5,Agama,75000,1,Malaikat Di Surau Kami
Mari Mengenal Khulafaur Rasyidin,"Majdi Fathi Sayyid, Abdul Hayyie Al-Kattani, Arif Hasanul Muna",Gema Insani,9795618466,2003,5,Agama,75000,1,Mari Mengenal Khulafaur Rasyidin
Jangan Hanya 5 Waktu,DR.H Aam Amiruddin,Khazanah Intelektual,9789793838519,2014,5,Agama,75000,2,Jangan Hanya 5 Waktu
Moslem Millionaire,Ippho Santosa,Elex Media Komputindo,9786020203546,2013,5,Agama,75000,1,Moslem Millionaire
Desain Taman Islami,Doni Fireza,PT Mizan Publika ,9789791140874,2007,5,Agama,75000,1,Desain Taman Islami
Saring Sebelum Sharing,Nadirsyah Hosen,PT. Bentang Pustaka,9786022915621,2019,5,Agama,75000,1,Saring Sebelum Sharing
Mengapa Saya Memilih Negara Islam,Dewi Triana,Mizan Pustaka,9789794336397,2011,5,Agama,75000,1,Mengapa Saya Memilih Negara Islam
Ketika Tuhan Tak Lagi Dibutuhkan,Ahmad Rifa'I Rif'an,Elex Media Komputindo,9786020419476,2017,5,Agama,75000,1,Ketika Tuhan Tak Lagi Dibutuhkan
Jangan Ada Ghibah Diantara Kita,"Shakil Ahmad Khan, Wasim Ahmad, Sobar Hartini, Muhammad Ridwan",Mizan Pustaka,9786021337554,2015,5,Agama,75000,2,Jangan Ada Ghibah Diantara Kita
Pahami Bacaan Sholatmu,"Dr. Ibrahim Hasyim dkk, Melvi Yendra",Naura Books,9786023850037,2015,5,Agama,75000,1,Pahami Bacaan Sholatmu
Ramadhan In Love,Riawani Elyta ,Penerbit Indiva,9786021614662,2015,5,Agama,75000,1,Ramadhan In Love
Khilafah Peran Manusia Di Bumi,M.Quraish Shihab,Lentera Hati,9786237713296,2020,5,Agama,75000,1,Khilafah Peran Manusia Di Bumi
Terhina Karena Zina,Azizah Ummu Sa'idah,Gema Insani Press,9789790772618,2011,5,Agama,75000,1,Terhina Karena Zina
Marry Me Or Never!,Jamil Azzaini dkk,Mizan Pustaka,9786021337318,2014,5,Agama,75000,1,Marry Me Or Never!
Aminah : Permata Padang Pasir,Abdul Salam Al-Asyri,Republika,9786020822501,2017,5,Agama,75000,1,Aminah : Permata Padang Pasir
La Tahzan; Jangan Bersedih,"Dr. Aidh Al-Qarni, Samson Rahman",Qisthi Press,9793715057,2004,5,Agama,75000,1,La Tahzan; Jangan Bersedih
Desain Taman Islami,Doni Fireza,PT Mizan Publika ,9789791140874,2007,5,Agama,75000,1,Desain Taman Islami
"Banjir Harta dengan Ajaibnya Shalat Hajat, Dhuha, dan Tahajjud","Iqra' Alfirdaus, Aep S. Hamidin ",Sabil,9786022550228,2014,5,Agama,75000,2,"Banjir Harta dengan Ajaibnya Shalat Hajat, Dhuha, dan Tahajjud"
Bid'ah-bid'ah Di Indonesia,Drs. Kh. Badruddin Khusubki,Gema Insani Press,9795611097,1993,5,Agama,75000,1,Bid'ah-bid'ah Di Indonesia
Mas Tri Belajar Islam,Tarmizi Yusuf,Republika,9786028997515,2012,5,Agama,75000,1,Mas Tri Belajar Islam
Panduan Puasa Terlengkap,Efri A Al-Bakary,Erlangga,9786022419716,2014,5,Agama,75000,1,Panduan Puasa Terlengkap
Ibadah-Ibadah Saat Haid,M. Fauzan Rachman,PT Mizan Pustaka,9786028236690,2010,5,Agama,75000,1,Ibadah-Ibadah Saat Haid
Tuntunan Lengkap Mengurus Jenazah ,"Muhammad Nashiruddin Al-Albani, A.M Basalamah",Gema Insani,979561570X,1999,5,Agama,75000,2,Tuntunan Lengkap Mengurus Jenazah 
Hijablicious,Al-Khansa Shalihah,Mizan Pustaka,9786029255799,2014,5,Agama,75000,1,Hijablicious
Fakta Baru Matematika Al-Qur'an,Ismail Idris Mustafha,"Noura Books, Mizan Publika",9786021306024,2013,5,Agama,75000,1,Fakta Baru Matematika Al-Qur'an
Kupilih Engkau Karena Allah,Jauhar Al-Zanki,Pro-U Media,9786027820012,2013,5,Agama,75000,1,Kupilih Engkau Karena Allah
Al-Qur'an Bercerita Soal Wanita,"Jabir Asysyaal, H. Aziz Salim Basyarahil",Gema Insani Press,9795612085,1988,5,Agama,75000,1,Al-Qur'an Bercerita Soal Wanita
Tuntunan Membangun Masjid ,Yusuf Al-Qaradhawi,Gema Insani Press,979561603X,2000,5,Agama,75000,1,Tuntunan Membangun Masjid 
Anda Bertanya Islam Menjawab,Prof. DR.M MUTAWALLI SYA'RAWI ,Gema Insani Press,9795612344,1996,5,Agama,75000,1,Anda Bertanya Islam Menjawab
Takut Kenapa Takut,Hasan Musa Es Shaffar,Gema Insani Press,979561214X,1990,5,Agama,75000,1,Takut Kenapa Takut
Energi Positif Shalat Berjamaah,"Abdul Rahman, Lc",Noura Books,9786021606124,2013,5,Agama,75000,2,Energi Positif Shalat Berjamaah
Kala Rasul Berduka,Abdul  Wahid Hasan,PT Mizan Pustaka,9786021337196,2014,5,Agama,75000,1,Kala Rasul Berduka
Mimpi Sejuta Rupiah,Elie Mulyadi,PT Mizan Pustaka,9786029255744,2013,5,Agama,75000,1,Mimpi Sejuta Rupiah
Doa Ajaran Rasul,Anis Masykhur,PT Mizan Pustaka,9786027816923,2013,5,Agama,75000,1,Doa Ajaran Rasul
Manajemen Masjid Petunjuk Peraktis Bagi Pengurus ,Drs. Moh. E. Ayub,Gema Insani,9795614134,1996,5,Agama,75000,1,Manajemen Masjid Petunjuk Peraktis Bagi Pengurus 
30 Materi Pilihan Kultum Ramadhan,"Nurul Hakim Zanky, Lc., et.al.",Pustaka iltizim,9786027688430,2013,5,Agama,75000,2,30 Materi Pilihan Kultum Ramadhan
"Tuhan, maaf, kami sedang sibuk",Ahmad Rifa'i Rif'an,PT Elex Media Komputindo,97860202205564,2013,5,Agama,75000,2,"Tuhan, maaf, kami sedang sibuk"
Quranic Wisdom ,Jalalluddin Rakhmat,PT Mizan Pustaka,9789794337295,2012,5,Agama,75000,1,Quranic Wisdom 
Doa-Doa Mustajab Orang Tua Untuk Anak,Lukmanul Hakim,Almaghfiroh,9786027633421,2014,5,Agama,75000,1,Doa-Doa Mustajab Orang Tua Untuk Anak
"Hanya dengan mengingat-Mu, aku Tenang",Ari Wahyudin,Mizan Pustaka,9786021337219,2014,5,Agama,75000,1,"Hanya dengan mengingat-Mu, aku Tenang"
Amalan-amalan rumah berpahala syurga,Pipih Imron Nurtsani,Mizan Pustaka,9786024180317,2016,5,Agama,75000,1,Amalan-amalan rumah berpahala syurga
Dulu Maksiat Sekarang Tobat,Muhammad Al - Musnid,Gema Insani Press,9795615343,1998,5,Agama,75000,1,Dulu Maksiat Sekarang Tobat
Dekapan Kematian : Saat Belahan Jiwa Meninggalkanmu,Oki Setiana Dewi,PT Mizan Pustaka,9786029255683,2013,5,Agama,75000,2,Dekapan Kematian : Saat Belahan Jiwa Meninggalkanmu
Lepas Dari Lapas Hidup,"KH. Adrian Matafihallah Kariem, MA",Republika Penerbit,9786020822426,2017,5,Agama,75000,1,Lepas Dari Lapas Hidup
Keajaiban Senyuman,Sri Widiyastuti,DAR! Mizan,9786022423225,2014,5,Agama,75000,1,Keajaiban Senyuman
Ibadah Yang Mendekatkan Aku Dengan Allah,"Elma Ruth Harder, Noor Fatima Kareema Iqbal",Mizan Pustaka,9789790667327,2013,5,Agama,75000,1,Ibadah Yang Mendekatkan Aku Dengan Allah
Asma'ul Husna Untuk Anak,Badrus Zaman,Gema Insani Press,9789790771338,2009,5,Agama,75000,1,Asma'ul Husna Untuk Anak
Zikir Lengkap Pagi-Sore,Ahmad Rasyid,Kaysa Media,9789791479646,2013,5,Agama,75000,1,Zikir Lengkap Pagi-Sore
150 Ibadah Ringan Berpahala Besar,M. Fauzi Rachman,Mizania,9786029255409,2013,5,Agama,75000,1,150 Ibadah Ringan Berpahala Besar
Jadilah Pemaaf dan Abaikan Orang-orang Bodoh,Ummu Sandra,Elex Media Komputindo,9786020242910,2014,5,Agama,75000,1,Jadilah Pemaaf dan Abaikan Orang-orang Bodoh
 Rahasia Kedahsyatan Otak Wanita,Dr.Tadkirotun Musfiroh,AgroMedis Pustaka,9790171589,2011,5,Agama,75000,1, Rahasia Kedahsyatan Otak Wanita
Al-Qur'an Inspirasi Sains ,Agus Mustofa,PADMA Press,9789791070508,2014,5,Agama,75000,3,Al-Qur'an Inspirasi Sains 
Mudahnya Shalat Malam,Abu Al-Qa'Qa Muhammad Ibn Shalih,Mizan Pustaka,9786029255133,2010,5,Agama,75000,1,Mudahnya Shalat Malam
Berburu Ke Kiai Bule,"Sumanto Al Qurtuby, dkk",PT Mizan Republika,9786027816060,2013,5,Agama,75000,1,Berburu Ke Kiai Bule
Cahaya Dari Madinah,Ali Jaber,Elex Media Komputindo,9786020233352,2014,5,Agama,75000,2,Cahaya Dari Madinah
7 Kaidah Utama Fikih Muamalat,Dr. Yusuf Al-Qaradhawi,Pustaka Al-Kautsar,9789795926702,2014,5,Agama,75000,1,7 Kaidah Utama Fikih Muamalat
Al-Asbun manfaatulngawur,Pidi Baiq,DAR! Mizan,9789790660878,2010,5,Agama,75000,1,Al-Asbun manfaatulngawur
Quranic Food,Mohammad Shaikh,Republika Penerbit,9786020822068,2015,5,Agama,75000,1,Quranic Food
Keislaman Yang Hanif,Budhy Munawar-Rachman,Penerbit Imania,9786027926042,2013,5,Agama,75000,1,Keislaman Yang Hanif
Kisah Para Pencari Nikmatnya Shalat,Ahmad Rofi' Usmani,Mizan Pustaka,9786029255829,2015,5,Agama,75000,2,Kisah Para Pencari Nikmatnya Shalat
Mukjijat Shalat Malam,Sallamah Muhammad Abu Al-Kamal,Mizania,978602925591,2013,5,Agama,75000,1,Mukjijat Shalat Malam
Al-Qur'an Dalam Pandangan Sahabat Nabi,"Ahmad Khalil Jum'ah, Subhan Nurdin",Gema Insani Press,9795615505,1999,5,Agama,75000,1,Al-Qur'an Dalam Pandangan Sahabat Nabi
Rahasia Kedahsyatan Air Wudhu,Syaiful Anwar Al-Batawy,Kunci Iman,9786029340921,2012,5,Agama,75000,1,Rahasia Kedahsyatan Air Wudhu
Manhaj dan Aqidah Ahlussunnah Wal Jama'ah ,Muhammad Abdul Hadi Al Mishri,Gema Insani Press,9795611720,1994,5,Agama,75000,1,Manhaj dan Aqidah Ahlussunnah Wal Jama'ah 
Kekuatan Ikhtiar Suami,Ibnu Ibrahim,Republika Penerbit,9786028997201,2011,5,Agama,75000,1,Kekuatan Ikhtiar Suami
Jadikan Aku Pecinta Nabi,Abdurrahman Al-Baghdadi & Fathiy Syamsuddin Ramadhan an-Nawiy,Gema Insani,9789790771413,2009,5,Agama,75000,1,Jadikan Aku Pecinta Nabi
Matematika Islam,Fahmi Basya,Republika,9789791102704,2010,5,Agama,75000,1,Matematika Islam
Keagungan Rajab & Sya'ban,Abdul Manan Bin Haji Muhammad Sobari,Republika,9789793210759,2006,5,Agama,75000,1,Keagungan Rajab & Sya'ban
Panduan Puasa Bersama Quraish Shihab,Quraish Shihab,Republika,9786028997324,2011,5,Agama,75000,1,Panduan Puasa Bersama Quraish Shihab
Refleksi 3 Kyai,"Hasyim Muzadi, Syafiii Maarif, Didin Hafidhuddin",Republika,9793210389,2004,5,Agama,75000,1,Refleksi 3 Kyai
Menjemput Sakaratul Maut Bersama Rasulullah,Muhammad Abdul Hadi,Gema Insani,9795617613,2002,5,Agama,75000,1,Menjemput Sakaratul Maut Bersama Rasulullah
New Islam For Kids,Irfan AmaLee,PT. Mizan Pustaka,9786024201128,2010,5,Agama,75000,1,New Islam For Kids
Menyelami Isi Hati,"Imam Al-Ghazali, Akhmad Siddiq, A. Rofi'i Dimyati",Keira Publishing,9786021361139,1998,5,Agama,75000,2,Menyelami Isi Hati
Membumikan Syariah,M. Hashim Kamali,"Noura Books, Mizan Publika",9789794337509,2008,5,Agama,75000,1,Membumikan Syariah
30 Masalah Puasa Untuk Wanita,"Syeck Abu Anas Husen Al-Ali, Asmuni Solihan Zamakhsyari",Gema Insani Press,9795613898,1996,5,Agama,75000,1,30 Masalah Puasa Untuk Wanita
Kesalahan Yang Sering Terjadi Dalam Shalat,"Budiman Mustofa, Lc., M.P.I","Shahih, Ziyad Visi Media",9786029298000,2011,5,Agama,75000,1,Kesalahan Yang Sering Terjadi Dalam Shalat
Mantik : Kaidah Berpikir Islami,Drs. H. Syukriadi Sambas,Remaja Rosdakarya,9795145932,1996,5,Agama,75000,1,Mantik : Kaidah Berpikir Islami
Amalan Pembuka Rezeki,"Haris Priyatna, Lisdy Rahayu",Bunyan,9786022910305,2014,5,Agama,75000,1,Amalan Pembuka Rezeki
Lulus Interview Di Alam Kubur,Nashihatku,Salam Books,9786026108623,2017,5,Agama,75000,1,Lulus Interview Di Alam Kubur
131 Pintu Cahaya Dari Timur,A. Fuadi,PT Gramedia Pustaka Utama,9786020305882,2014,5,Agama,75000,2,131 Pintu Cahaya Dari Timur
65 Sekretaris Nabi,Prof. Dr. Muhammad Mustafa Azami,Gema Insani,9789790770805,2008,5,Agama,75000,1,65 Sekretaris Nabi
Sejuta Nikmat Zakat,Yuli Pujihardi,"Noura Books, Mizan Publika",9786027816886,2013,5,Agama,75000,1,Sejuta Nikmat Zakat
Rintihan Suci Ahli Bait Nabi,Jalaluddin Rakhmat,Remaja Rosdakarya,9786028236867,2010,5,Agama,75000,1,Rintihan Suci Ahli Bait Nabi
Rahasia Amar Ma'ruf Nahi Mungkar,"Al-Ghazali, Muhammad Al-Baqir",Mizan Publika,9786021306819,2014,5,Agama,75000,1,Rahasia Amar Ma'ruf Nahi Mungkar
10 Jalan Sukses Menghidupkan Prinsip Man Jadda Wajada,Akbar Zainudin,Mizan Publika,9785029255140,2011,5,Agama,75000,1,10 Jalan Sukses Menghidupkan Prinsip Man Jadda Wajada
Hayat Al-Qulub,"Sayyid Muhammad Baqir Al-Majlisi, Leinovar",Pustaka Iiman,9786028648103,2014,5,Agama,75000,1,Hayat Al-Qulub
Pesan-Pesan Numerik Al-Qur'an,Iskandar AG Soemabrata,Republika,9789793210704,2006,5,Agama,75000,1,Pesan-Pesan Numerik Al-Qur'an
38 Sifat Generasi Unggulan,Dr. Majdi Al-Hilali,Gema Insani Press,9795615629,1999,5,Agama,75000,1,38 Sifat Generasi Unggulan
Dosa-Dosa Besar,"Prof.Dr.M Mutawalli Asy-Sya'rawi, Abdul Hayyie Al-Kattani",Gema Insani Press,9795616218,2000,5,Agama,75000,1,Dosa-Dosa Besar
Membuka Pintu Rezeki,"KH. A. Hasyim Muzadi, dkk",Republika,9789791102223,2008,5,Agama,75000,1,Membuka Pintu Rezeki
Surga Itu Dekat,Iwan Januar,Gema Insani,9789790771116,2009,5,Agama,75000,1,Surga Itu Dekat
Ramadhan Tiba,FLP Jepang,Erlangga,9789790332652,2007,5,Agama,75000,1,Ramadhan Tiba
Ilmu Hadist Untuk Pemula,Irham Khumaidi,Artha Rivera,9789790260504,2008,5,Agama,75000,1,Ilmu Hadist Untuk Pemula
"Anakku, Cintailah Al-Qur'an","Dr.Sa'ad Riyadh, Muhammad Mukhlisin",Gema Insani Press,9789790771185,2009,5,Agama,75000,2,"Anakku, Cintailah Al-Qur'an"
Berderma Untuk Semua,Azyumardi Azra,Pusat Bahasa & Budaya UIN Syarif Hidayatullah bersama Teraju,1234567890133,2003,5,Agama,75000,1,Berderma Untuk Semua
9 Cara Cepat Menghafal,H. Sa'dulloh,Gema Insani,9789790770744,2008,5,Agama,75000,1,9 Cara Cepat Menghafal
Doa Penjagaan Dunia Akhirat,Tim Misykat,Penerbit Misykat,1234567890132,2003,5,Agama,75000,1,Doa Penjagaan Dunia Akhirat
Kekuatan Do'a Istri,Ibnu Ibrahim,Republika,9786028997195,2011,5,Agama,75000,1,Kekuatan Do'a Istri
Ringkasan Riyadhus Shalihin,"Syaikh An- Nabhani, Mujahidin Muhayan Lc, Heni Amalia Lc",Keira Publishing,9786021361023,2010,5,Agama,75000,2,Ringkasan Riyadhus Shalihin
Kaya & Bahagia Cara Syariah,Iwan P. Pontjowinoto,Mizan Publika,9786028767521,2010,5,Agama,75000,1,Kaya & Bahagia Cara Syariah
Al-Qur'an Dalam Keseimbangan Alam Dan Kehidupan,"Dr. Ir. Ahmad Khalid Allam, dkk",Gema Insani Press,979561990X,2005,5,Agama,75000,1,Al-Qur'an Dalam Keseimbangan Alam Dan Kehidupan
AA Gym dan Fenomena Daarut Tauhiid ,Kh. Hj. Abdullah Gymnastiar,Mizan,9794332895,2001,5,Agama,75000,1,AA Gym dan Fenomena Daarut Tauhiid 
Melukis Islam,Kenneth M. George,PT. Mizan Pustaka,9789794336984,2012,5,Agama,75000,1,Melukis Islam
Rahasia Dahsyatnya Berdoa Ketika Subuh,Saiful Anwar Al-Batawy,Kunci Iman,6027617004,2012,5,Agama,75000,2,Rahasia Dahsyatnya Berdoa Ketika Subuh
Fiqh Empat Madzhab,"Abdurrahman Al-Jaziri, Chatibul Umam, Abu Hurairah",Darul Ulum Press,9789795927228,2001,5,Agama,75000,1,Fiqh Empat Madzhab
Muslimah Plus-Plus,Tri Maya Yulianingsih,Elex Media Komputindo,9786020243078,2014,5,Agama,75000,1,Muslimah Plus-Plus
Kembali Ke Jati Diri,Roland Gunawan,Mizan & Yayasan Rumah Kitab,9789794338056,2013,5,Agama,75000,1,Kembali Ke Jati Diri
Metode Menggapai Kebahagiaan,"Al-Ghazali, Haidar Bagir",Mizan Pustaka,9789794338292,2014,5,Agama,75000,2,Metode Menggapai Kebahagiaan
Metode Menaklukkan Jiwa,"Al-Ghazali, Rahmani Astuti",Mizan Pustaka,9789794338155,2001,5,Agama,75000,2,Metode Menaklukkan Jiwa
Revive Your Heart: Terapi Al-Qur'an Untuk Menyucikan Hati,"Nouman Ali Khan, Rini Nurul Badariah",Mizan Pustaka,9786024181758,2018,5,Agama,75000,3,Revive Your Heart: Terapi Al-Qur'an Untuk Menyucikan Hati
Keajaiban Rezeki,Tasaro Gk,Mizan Pustaka,9786029255324,2013,5,Agama,75000,2,Keajaiban Rezeki
20 Hikayat Dahsyat Panglima Islam,Ustadzah Hj. Idah,Shava Pustaka,9786020928357,2015,5,Agama,75000,1,20 Hikayat Dahsyat Panglima Islam
Bid'ah Dalam Agama,Imam Yusuf Al-Qaradhawi,Gema Insani,9786022502388,2014,5,Agama,75000,1,Bid'ah Dalam Agama
Untaian Senandung Syair Diwan Imam Syafi'i,"Dr. Imil Badi' Ya'qub, Imam Ahmad Ibnu Nizar",YPP Al-Furqon,9786021770870,2000,5,Agama,75000,3,Untaian Senandung Syair Diwan Imam Syafi'i
Belajar Dari Ustadz Yusuf Mansur,"Anwar Sani, Tarmizi As-Shiddiq, Ahmad Jameel",Gramedia Pustaka Utama,9786020303833,2014,5,Agama,75000,2,Belajar Dari Ustadz Yusuf Mansur
Umar Ibn Al-Khaththab : Khalifah Penegak Keadilan,"Khalid Muhammad Khalid, Rashid Satari",Mizan Pustaka,9786021337158,2014,5,Agama,75000,1,Umar Ibn Al-Khaththab : Khalifah Penegak Keadilan
Babi Haram Babi Halal,Abdurrahman Al-Baghdadi,Gema Insani Press,9795610147,1989,5,Agama,75000,1,Babi Haram Babi Halal
Rahasia Shalat ,Muhammad Al-Baqir,Mizan,9786021306765,2014,5,Agama,75000,1,Rahasia Shalat 
Panduan Puasa Bersama Quraish Shihab,Quraish Shihab,Republika,9786028997324,2011,5,Agama,75000,1,Panduan Puasa Bersama Quraish Shihab
Aisyah Kekasih Yang Terindah,Sulaiman An-Nadawi,Republika,9786020822761,2017,5,Agama,75000,1,Aisyah Kekasih Yang Terindah
"Jangan Menyerah, Ada Allah",Irja Nasrullah,Mizan Pustaka,9786024180393,2016,5,Agama,75000,1,"Jangan Menyerah, Ada Allah"
Kitab Tauhid 2,"Tim Ahli Tauhid, Agus Hasan Bashori",Darul Haq,9799137152,1998,5,Agama,75000,1,Kitab Tauhid 2
Merindukanmu Duhai Muhammad!,Yadi Saeful Hidayat,Mizan Media Utama ,9786021337202,2014,5,Agama,75000,1,Merindukanmu Duhai Muhammad!
Menempatkan Ayah Bunda di Singgasana,Mushthafa Ibnul Adawi,Gema Insani ,9789790772199,2010,5,Agama,75000,1,Menempatkan Ayah Bunda di Singgasana
Bocah yang Mengislamkan Ribuan Orang,Syarifuddin Khalifah,PT. Ufuk Publishing House,9786021835128,2012,5,Agama,75000,6,Bocah yang Mengislamkan Ribuan Orang
99 Renungan Harian Untuk Setiap Muslim Sepanjang Masa,Hayat Hidayat,Ziad Books,9786027929869,2014,5,Agama,75000,3,99 Renungan Harian Untuk Setiap Muslim Sepanjang Masa
Kisah 25 Nabi dan Rasul,"Mahfan, S.Pd, Lia Fitriani, S.Pd",Sandro Jaya Jakarta,9793967005,2005,5,Agama,75000,1,Kisah 25 Nabi dan Rasul
"Di Setiap Sujud Ibu, Terselip Doa Untukku",Qulkhairan ,Safirah,9786022555681,2014,5,Agama,75000,1,"Di Setiap Sujud Ibu, Terselip Doa Untukku"
Rahasia Bersuci,"Al-Ghazali, Fuad Nawawi",Mizan Publika,9786023850334,2015,5,Agama,75000,1,Rahasia Bersuci
Meraih Derajat Ahli Ibadah,KH. R. Abdullah Bin Nuh,Mizan,9786021306949,2014,5,Agama,75000,1,Meraih Derajat Ahli Ibadah
Bersedihlah,Syafaat Selamet,PT. Mizan Pustaka,9786021337776,2015,5,Agama,75000,1,Bersedihlah
Kang Sodrun Merayu Tuhan,Yazid Muttaqin,Tinta Medina,9786022579335,2014,5,Agama,75000,1,Kang Sodrun Merayu Tuhan
Abu Bakar Al-Shiddiq : Khalifah Pembawa Kebenaran,"Khalid Muhammad Khalid, Rashid Satari",Mizan Pustaka,9786029255997,2014,5,Agama,75000,1,Abu Bakar Al-Shiddiq : Khalifah Pembawa Kebenaran
"Menuai Fadhilah Dunia, Menuai Berkah Akhirat","Prof. Dr. H. Nasaruddin Umar, MA",Elex Media Komputindo,9786020237886,2014,5,Agama,75000,1,"Menuai Fadhilah Dunia, Menuai Berkah Akhirat"
Makkah & Madinah ,Ahmad Rofi' Usmani,Mizan Pustaka,9786028236881,2011,5,Agama,75000,1,Makkah & Madinah 
Islam Amerika,"Imam Feisal Abdul Rauf, Zulkarnaen Ishak",Mizan Publika,9786021210017,2013,5,Agama,75000,1,Islam Amerika
Fiqih Aktual : Jawaban Tuntas Masalah Kontemporer,Dr. Setiawan Budi Utomo,Gema Insani Press,9795618598,2003,5,Agama,75000,1,Fiqih Aktual : Jawaban Tuntas Masalah Kontemporer
Bermalam Di Syurga,Dr. Hasan Syam Basya,Gema Insani,9786022502647,2015,5,Agama,75000,1,Bermalam Di Syurga
Doa-Doa Mustajab di Masa Sulit,Arif Hidayat ,Al-Maghfirah,9786027633469,2022,5,Agama,75000,1,Doa-Doa Mustajab di Masa Sulit
Zikir Cahaya Kehidupan ,Ibnul Qayyim Al-Jauziyah,Gema Insani,9795617656,2002,5,Agama,75000,1,Zikir Cahaya Kehidupan 
Hadapi Masalah Anda ,Yusuf Al-Ukshari,Gema Insani,979560080x,2006,5,Agama,75000,1,Hadapi Masalah Anda 
Al-Qur'an Menyuruh kita Sabar,DR.YUSUF QORDHOWI,Gema Insani,9795610023,1989,5,Agama,75000,1,Al-Qur'an Menyuruh kita Sabar
Cinta Dunia Akhirat,Sukron Abdilah,Elex Media Komputindo,9786020241647,2014,5,Agama,75000,1,Cinta Dunia Akhirat
Agar Pintu Surga Terbuka Untukmu,Haidar Musyafa,Elex Media Komputindo,9796020240718,2014,5,Agama,75000,1,Agar Pintu Surga Terbuka Untukmu
Hiburan Orang Mukmin,Safwak Sa'dallah Al-Mukhtar,Gema Insani Press,979561052X,1992,5,Agama,75000,1,Hiburan Orang Mukmin
Shalat Yang Sempurna,R. Maftuh Ahmad,Kalil,9789792259759,2026,5,Agama,75000,1,Shalat Yang Sempurna
Dari Lembah Cita-Cita,Prof. Dr. Hamka,Gema Insani,9786022502913,2016,5,Agama,75000,1,Dari Lembah Cita-Cita
Al-Matsurat & Hadits Arba'in,Al Imam Hasan,Al-Maktab al-Islami,9789790770270,1999,5,Agama,75000,1,Al-Matsurat & Hadits Arba'in
Guru Adalah Ustadz Adalah Guru,Saiful Falah,Republika Penerbit,9786028997508,2012,5,Agama,75000,1,Guru Adalah Ustadz Adalah Guru
Kiat Islami Meraih Prestasi,DR.HUSEIN SYAHATAH,Gema Insani,9795618709,2004,5,Agama,75000,1,Kiat Islami Meraih Prestasi
Rahasia Dahsyatnya Berdoa Ketika Subuh,Saiful Anwar Al-Batawy,Kunci Iman,6027617004,2012,5,Agama,75000,2,Rahasia Dahsyatnya Berdoa Ketika Subuh
Melukis Islam,Kenneth M. George,PT. Mizan Pustaka,9789794336984,2012,5,Agama,75000,1,Melukis Islam
Al-Qur'an Inspirasi Sains,Agus Mustofa,PADMA Press,9789791070508,2014,5,Agama,75000,1,Al-Qur'an Inspirasi Sains
AA Gym dan Fenomena Daarut Tauhiid ,Kh. Hj. Abdullah Gymnastiar,Mizan,9794332895,2001,5,Agama,75000,1,AA Gym dan Fenomena Daarut Tauhiid 
Al-Qur'an Dalam Keseimbangan Alam Dan Kehidupan,"Dr. Ir. Ahmad Khalid Allam, dkk",Gema Insani Press,979561990X,2005,5,Agama,75000,1,Al-Qur'an Dalam Keseimbangan Alam Dan Kehidupan
Kaya & Bahagia Cara Syariah,Iwan P. Pontjowinoto,Mizan Publika,9786028767521,2010,5,Agama,75000,1,Kaya & Bahagia Cara Syariah
Ringkasan Riyadhus Shalihin,"Syaikh An- Nabhani, Mujahidin Muhayan Lc, Heni Amalia Lc",Keira Publishing,9786021361023,2010,5,Agama,75000,2,Ringkasan Riyadhus Shalihin
Imam Syafi'I : Pejuang Kebenaran,Abdul Latip Talib,Erlangga,9786027031937,2010,5,Agama,75000,1,Imam Syafi'I : Pejuang Kebenaran
TERAPI SHALAT TAHAJUD: menyembukan berbagai penyakit,Dr. Moh. Sholeh,PT Mizan Publika,9786029498028,2012,5,Agama,75000,1,TERAPI SHALAT TAHAJUD: menyembukan berbagai penyakit
Terapi Shalat Tahajud,Prof. Dr. Moh Saleh,"Noura, Mizan Publika",9786023850372,2016,5,Agama,75000,1,Terapi Shalat Tahajud
Kepompong Ramadhan ,Dewi Ispurwati,Republika Penerbit,9789791102483,2009,5,Agama,75000,1,Kepompong Ramadhan 
Jernihkan Hati,Amru Khalid,Republika Penerbit,97932105440,2005,5,Agama,75000,1,Jernihkan Hati
Praktik Khusyuk 33 Kiat Shalat Yang Sempurna Dan Diterima,Syaikh Muhammad Saalih Al-Munajjid,Noura Books (PT Mizan Publika),9786027816909,2013,5,Agama,75000,1,Praktik Khusyuk 33 Kiat Shalat Yang Sempurna Dan Diterima
Menyingkap Rahasia Ibadah Dalam Islam,"Prof. Dr. Abdul Halim Mahmud, Firman Hunaifi",Keira Publishing,9786021361146,2014,5,Agama,75000,1,Menyingkap Rahasia Ibadah Dalam Islam
Kekuatan Do'a Istri,Ibnu Ibrahim,Republika,9786028997195,2011,5,Agama,75000,1,Kekuatan Do'a Istri
Tersenyumlah,Dr. Aidh al-Qarni,Al-Qalam,9799799864979,2005,5,Agama,75000,1,Tersenyumlah
Kujemput Engkau Di Sepertiga Malam,Peggy Melati Sukma,Mizan Pustaka,9786021606933,2014,5,Agama,75000,1,Kujemput Engkau Di Sepertiga Malam
"Tuhan, Izinkan Aku Pacaran",Fikri Abibullah Muharram,Gema Insani,9786022501497,2013,5,Agama,75000,1,"Tuhan, Izinkan Aku Pacaran"
Tiket Menuju Surga,Dr. Khalid Abu Syadi,Darul Basyir,9789790771796,2010,5,Agama,75000,1,Tiket Menuju Surga
Curhat Sama Nabi,Abdul Kholiq,Penerbit Bunyan (PT Bentang Pustaka),9786027888258,2013,5,Agama,75000,1,Curhat Sama Nabi
Dialog AntarUmat Beragama,"J.B. Banawiratma, Zainal Abidin Bagir, etc",PT. Mizan Publika,9786029763317,2010,5,Agama,75000,1,Dialog AntarUmat Beragama
Terapi Hati,Muhammad Muhibbuddin,Mueeza,9786026380494,2017,5,Agama,75000,1,Terapi Hati
Kupas Tuntas Adzan dan Iqamat,Yusni A. Ghazali,Qibla,9786022496311,2014,5,Agama,75000,1,Kupas Tuntas Adzan dan Iqamat
Panduan Puasa Terlengkap,Efri A AL- Bakary,Erlangga ,9786022419716,2014,5,Agama,75000,1,Panduan Puasa Terlengkap
Seruan Azan Dari Puing WTC: Dakwah Islam Di Jantung Amerika Pasca 9/11,"Imam Feisal Abdul Rauf, Dina Mardina, M. Rudi Atmoko",Mizan Pustaka,9789794334829,2007,5,Agama,75000,1,Seruan Azan Dari Puing WTC: Dakwah Islam Di Jantung Amerika Pasca 9/11
Agar Hidup Selalu Berkah,Habib Syarief Muhammad Alaydrus,Mizan Pustaka,9786028236607,2009,5,Agama,75000,1,Agar Hidup Selalu Berkah
Al-Hikam Ibn Athaillah Untuk Semua,Muhaji Fikriono,"Noura Books, Mizan Publika",9786027816299,2009,5,Agama,75000,1,Al-Hikam Ibn Athaillah Untuk Semua
Tafsir Al-Azhar Juz 1,Prof. Dr. Hamka,Pustaka Panjimas,9798066537,2005,5,Agama,75000,1,Tafsir Al-Azhar Juz 1
Panduan Shalat Sunah Terlengkap,KH. Muhammad Sholikhin,Erlangga,9786022415657,2013,5,Agama,75000,1,Panduan Shalat Sunah Terlengkap
12 Hari Hafal Juz Amma,Ahmad Juaeni Abdurahman BN,Kaysa Media,9789791479653,2013,5,Agama,75000,1,12 Hari Hafal Juz Amma
99 Fenomena Menakjubkan Dalam Al-Qur'an,Nurul Maghfirah,Mizan Pustaka,9786021337615,2015,5,Agama,75000,1,99 Fenomena Menakjubkan Dalam Al-Qur'an
Nabi Muhammad SAW Sehari-hari,"Muhammad Ismail Al-Jawisy, Mukti Ali",Zahira Zaytuna Ufuk Abadi,9786021258941,2014,5,Agama,75000,1,Nabi Muhammad SAW Sehari-hari
Deradikalisasi Pemahaman Al-Qur'an & Hadis,"Prof. Dr. H. Nasaruddin Umar, MA",Elex Media Komputindo,9786020242088,2014,5,Agama,75000,1,Deradikalisasi Pemahaman Al-Qur'an & Hadis
Al-Quran Abad 21: Tafsir Kontekstual,Abdullah Saeed,Mizan Pustaka,9789794339213,2014,5,Agama,75000,1,Al-Quran Abad 21: Tafsir Kontekstual
Belajar Berjiwa Besar,"Abu Thalib Al-Makki, dkk",Pijar Nalar Indonesia,9786027164123,2017,5,Agama,75000,1,Belajar Berjiwa Besar
Muhammad : Prophet For Our Time,"Karen Armstrong, Yuliani Liputo",Mizan Pustaka,9789794337813,2006,5,Agama,75000,1,Muhammad : Prophet For Our Time
Berani Bermimpi,Elie Mulyadi,Mizan Pustaka,9786029255867,2014,5,Agama,75000,1,Berani Bermimpi
Jangan Ada Ghibah Diantara Kita,"Shakil Ahmad Khan, Wasim Ahmad, Sobar Hartini, Muhammad Ridwan",Mizan Pustaka,9786021337554,2015,5,Agama,75000,1,Jangan Ada Ghibah Diantara Kita
Islamic Pineal Therapy,Dr. Iftachul 'ain Hambali Sp. THT,Prestasi,9789799959218,2011,5,Agama,75000,1,Islamic Pineal Therapy
Da'I Muslimah Yang Sukses,Syeck Ahmad Al-Qaththan,Gema Insani Press,9795613499,1996,5,Agama,75000,1,Da'I Muslimah Yang Sukses
22 Masalah Agama,H.A Aziz Salim Basyarahil,Gema Insani Press,979561150X,1992,5,Agama,75000,1,22 Masalah Agama
Rahasia Bersuci,"Al-Ghazali, Fuad Nawawi",Mizan Publika,9786023850334,2015,5,Agama,75000,1,Rahasia Bersuci
"Allah, Cukuplah Engkau Sebagai Penolong",Ahmad Rifa'i Rif'an,Mizan Pustaka,9786021337226,2014,5,Agama,75000,1,"Allah, Cukuplah Engkau Sebagai Penolong"
Membumikan Ekonomi Islam,AM Saefuddin,PPA Consultants,9786029785333,2011,5,Agama,75000,1,Membumikan Ekonomi Islam
Fadhilah Shalat Berjamaah,Fadhl Ilahi,Istanbul,9789790393462,2015,5,Agama,75000,1,Fadhilah Shalat Berjamaah
Zakat Dalam Perekonomian Modern,"Dr.K.H Didin Hafidhuddin, M.Sc",Gema Insani Press,9795617486,2002,5,Agama,75000,1,Zakat Dalam Perekonomian Modern
Ekonomi Rumah Tangga Muslim,Dr. Husein Syahatah,Gema Insani,9795614665,1998,5,Agama,75000,1,Ekonomi Rumah Tangga Muslim
Doa Penjagaan Dunia Akhirat,Tim Misykat,Penerbit Misykat,1234567890131,2003,5,Agama,75000,1,Doa Penjagaan Dunia Akhirat
GBEI Garis Garis Besar Ekonomi Islam,Mahmud Abu Saud,Gema Insani Press,9795610457,1991,5,Agama,75000,1,GBEI Garis Garis Besar Ekonomi Islam
"Interpreting ""Fitna Verses""",DuniaJilbab & Ummu_Rumaisha81,WahyuQolbu,9797959589,2015,5,Agama,75000,1,"Interpreting ""Fitna Verses"""
Marry Me Or Never!,Jamil Azzaini dkk,Mizan Pustaka,9786021337318,2014,5,Agama,75000,1,Marry Me Or Never!
Anda Bertanya Kami Menjawab,Ust. Bachtiar Nasir,Gema Insani,97860225005357,2012,5,Agama,75000,1,Anda Bertanya Kami Menjawab
Rethinking Pesantren,"Prof. DR.H Nasaruddin Umar, MA",Elex Media Komputindo,9786020237619,2014,5,Agama,75000,1,Rethinking Pesantren
Ramalan Tentang Muhammad,Abdul Haq Vidyarthi,Penerbit Noura Books,9786021606100,2006,5,Agama,75000,1,Ramalan Tentang Muhammad
Iman Kunci Sukses Dunia-Akhirat,Bambang Q-Anees,Penerbit  Mizan Pustaka,9786021337288,2014,5,Agama,75000,1,Iman Kunci Sukses Dunia-Akhirat
Zikir-Zikir Utama Penenang Jiwa,M. Fauzi Rachman,Mizania,9786024181321,2016,5,Agama,75000,1,Zikir-Zikir Utama Penenang Jiwa
Muhammad : Kisah Hidup Nabi Berdasarkan Sumber Klasik,Martin Lings,PT Serambi Ilmu Semesta,9789790245778,1991,5,Agama,75000,1,Muhammad : Kisah Hidup Nabi Berdasarkan Sumber Klasik
100 Kisah Teladan Abu Bakar,M. Shiddiqa Al-Minsyawi,Gema Insani,979560043,2006,5,Agama,75000,1,100 Kisah Teladan Abu Bakar
Panduan Shalat Doa & zikir,Abdurrahman Adiib,Kaysa Media,9789791479554,2013,5,Agama,75000,1,Panduan Shalat Doa & zikir
Manhaj Ilmiah Islami,DR. Hasan Asy Syarqawi,Gema Insani Press,9795612867,1994,5,Agama,75000,1,Manhaj Ilmiah Islami
Jangan Takut Allah Bersama Kita,Aang Abdul Kohor,Gema Insani,9789790770607,2008,5,Agama,75000,1,Jangan Takut Allah Bersama Kita
Spirit Iqra',Hernowo,Mizania,9799805007,2003,5,Agama,75000,1,Spirit Iqra'
Hikmah Dalam Humor dan Pepatah jilid 1-6,A. Aziz Salim Basyarahil,Gema Insani,9795610503,2005,5,Agama,75000,1,Hikmah Dalam Humor dan Pepatah jilid 1-6
Jiwa Yang Merdeka,Muhammad Naf'an Shalahudin,PT Elex Media Komputindo,9786020229867,2014,5,Agama,75000,1,Jiwa Yang Merdeka
Karena Allah Bersamamu ,Qomaruzzaman Awwab,Mizania,9786029255232,2012,5,Agama,75000,1,Karena Allah Bersamamu 
Sandiwara Langit 2 : Meniti diatas Kabut,Abu Umar Basyier,Shafa Publika,9786029628142,2015,5,Agama,75000,1,Sandiwara Langit 2 : Meniti diatas Kabut
Sunnah-Sunnah Hari Jumat,Syaikh Jabir As-Saidi,Istanbul,9789790393417,2015,5,Agama,75000,1,Sunnah-Sunnah Hari Jumat
Perempuan Dambaan Al-Quran,Gayatri Ida Sunanti,Mizania,9786021337066,2014,5,Agama,75000,1,Perempuan Dambaan Al-Quran
Ushul Fiqh,Dr. Mardani,Raja Grafindo,9789797695866,2013,5,Agama,75000,1,Ushul Fiqh
Aksi Bela Islam 212 Hati Kekuatan Bangsa,"Ahmad Doli Kurnia, Iswandi Syahputra",Simbiosa Rekatama Media,9786027973497,2017,5,Agama,75000,1,Aksi Bela Islam 212 Hati Kekuatan Bangsa
Konsultasi Maya 40 Tanya-Jawab Agama,KH. Achmad Syatibi Hambali,Qi Falah Pustaka,9786021882801,2013,5,Agama,75000,1,Konsultasi Maya 40 Tanya-Jawab Agama
Misteri Al-Qur'an ,Bediuzzaman Said Nursi,Erlangga ,9789790756229,2010,5,Agama,75000,1,Misteri Al-Qur'an 
Bercinta dan Bersaudara Karena Allah,UST. HUSNI ADHAM JARROR,Gema Insani,9795610155,1989,5,Agama,75000,1,Bercinta dan Bersaudara Karena Allah
30 Larangan Agama Bagi Wanita,AMR ABDUL MUN'IM,Gema Insani Press,9795614851,1998,5,Agama,75000,1,30 Larangan Agama Bagi Wanita
Al-Matsurat Doa Dan zikir Rasullah,Imam Hasan Al-Banna,Gema Insani,9795615823,1999,5,Agama,75000,1,Al-Matsurat Doa Dan zikir Rasullah
Berbakti Kepada Ayah Bunda,Ahmad Isa Asyur,Gema Insani,9786022502142,2014,5,Agama,75000,1,Berbakti Kepada Ayah Bunda
Agar Jodoh Idaman Berlabuh Di Pelaminan,Mas Udik Abdullah,Pro-U Media,9791273839,2013,5,Agama,75000,1,Agar Jodoh Idaman Berlabuh Di Pelaminan
Ternyata Sayap Lalat Mengandung Obat,Yanuardi Syukur,Mutiara Media,9789798783210,2014,5,Agama,75000,1,Ternyata Sayap Lalat Mengandung Obat
"Izrail Bilang, Ini Hari Terakhirku",Ahmad Rifa'I Rif'an,PT Mizan Pustaka,9786024181659,2017,5,Agama,75000,1,"Izrail Bilang, Ini Hari Terakhirku"
150 Kisah Abu Bakar Al-Shiddiq,"Ahmad Abdul Al Thahthawi, Rashid Satari",Mizan Pustaka,9786024180119,2016,5,Agama,75000,1,150 Kisah Abu Bakar Al-Shiddiq
Bersahabat Dengan Tuhan ,Ahmad Rifa'i Rif'an,PT Mizan Pustaka,9786024180218,2016,5,Agama,75000,1,Bersahabat Dengan Tuhan 
Kalau Sudah Rezeki Takkan Ke Mana ,NASHIRUDDIN AL-BARABBASI,PT Mizan Pustaka,9786021337714,2015,5,Agama,75000,1,Kalau Sudah Rezeki Takkan Ke Mana 
Penuntun mengerjakan Shalat Hajat,Ali Akrab Bin Aqil & Tim Redaksi Qultummedia,QultumMedia,9789790173620,2017,5,Agama,75000,1,Penuntun mengerjakan Shalat Hajat
Cinta Subuh,Samir Al- Qarni,Pustaka Arafah,9786029024661,2013,5,Agama,75000,1,Cinta Subuh
Kupas Tuntas Adzan dan Iqamat,Yusni A. Ghazali,Qibla,9786022496311,2014,5,Agama,75000,1,Kupas Tuntas Adzan dan Iqamat
Kumpulan Khotbah Ali Bin Abi Thalib,Sayyid Ahmad asy-Syulaimi,Gema Insani,9795616951,2001,5,Agama,75000,1,Kumpulan Khotbah Ali Bin Abi Thalib
Kedahsyatan Do'a & Dzikir Sehari-hari Ajaran Nabi,Ibnu Mussalim,Syaifa Pressindo,9791113653,2010,5,Agama,75000,1,Kedahsyatan Do'a & Dzikir Sehari-hari Ajaran Nabi
Gaul Ala Rasul,Muhammad Rizqi Raharja,Gema Insani,9786022502401,2014,5,Agama,75000,1,Gaul Ala Rasul
Islam Yang Saya Pahami,M. Quraish Shihab,Lentera Hati,9786027720831,2018,5,Agama,75000,1,Islam Yang Saya Pahami
7 Kaidah Utama Fikih Muamalat,Dr. Yusuf Al-Qaradhawi,Pustaka Al-Kautsar,9789795926702,2014,5,Agama,75000,1,7 Kaidah Utama Fikih Muamalat
Kisah Orang-Orang Zalim,Muhammad Abduh,Republika,9789793210896,2007,5,Agama,75000,1,Kisah Orang-Orang Zalim
Rahasia Shalat ,Muhammad Al-Baqir,Mizan,9786021306765,2014,5,Agama,75000,1,Rahasia Shalat 
INSPIRASI SUBUH Menyambut Pagi Dengan Membakar Semangat Menjemput Rezeki Untuk Setiap Muslim,Rahmat Fadilah,Syalmahat Publishing,9786027395220,2016,5,Agama,75000,1,INSPIRASI SUBUH Menyambut Pagi Dengan Membakar Semangat Menjemput Rezeki Untuk Setiap Muslim
Chairul Tanjung Si Anak Singkong,Tjahja Gunawan Diredja,Buku Kompas,9789797096502,2012,5,Agama,75000,1,Chairul Tanjung Si Anak Singkong
Hikayat Sang Rupawan Sejarah Lengkap Nabi Yusuf Alaihi Salam,Sulistyowati Khairu,Vicosta Publishing,9786027910607,2014,5,Agama,75000,1,Hikayat Sang Rupawan Sejarah Lengkap Nabi Yusuf Alaihi Salam
Tafakur Sesaat Lebih Baik daripada Ibadah Setahun,Al Imam Abu Hamid Al Ghazali,PT Mizan Publika ,9786020989365,2014,5,Agama,75000,1,Tafakur Sesaat Lebih Baik daripada Ibadah Setahun
TERAPI MENSUCIKAN JIWA,Ibnul Qayyim Al-Jauziyyah,Qisthi Press,9789791303637,2013,5,Agama,75000,1,TERAPI MENSUCIKAN JIWA
Don't Be Sad,"DR. Aidh bin Abdullah Al-Qarni, MA.",Maghfirah Pustaka,9799846404,2004,5,Agama,75000,1,Don't Be Sad
Api Tauhid,Habiburrahman El-Shirazy,Republika,9786028997959,2014,5,Agama,75000,1,Api Tauhid
Hiduplah seperti Air Mengalir,Otong Surasman,Penerbit Erlangga,9786022411406,2013,5,Agama,75000,1,Hiduplah seperti Air Mengalir
5 Langkah Hebat Bangun Subuh Tanpa Telat,Nurhadi,Islamadina Publisher,9786021871850,2014,5,Agama,75000,1,5 Langkah Hebat Bangun Subuh Tanpa Telat
Dahsyatnya Puasa Daud,Ahmad Rifai Rifan,Elex Media Komputindo,9786020458991,2018,5,Agama,75000,1,Dahsyatnya Puasa Daud
Asma'ul Husna Versi Al-Qur'an dan Rahasia Do'a,"KH. Fahmi Basya, Dra Azminah M. Si",Republika,9789791102759,2010,5,Agama,75000,1,Asma'ul Husna Versi Al-Qur'an dan Rahasia Do'a
24 Jam Amalan Nabi ,Khalid Al-Husainan,Al-Kamil,9786029002058,2011,5,Agama,75000,1,24 Jam Amalan Nabi 
Metode Memjemput Maut,"Al-Ghazali, Ahsin Mohamad",Mizan Pustaka,9789794338148,1999,5,Agama,75000,1,Metode Memjemput Maut
Al-Qur'an Berbicara Tentang Akal & Ilmu Pengetahuan,"Yusuf Qardhawi, Abdul Hayyie Al-Kattani, Irfan Salim, Sochimien",Gema Insani,9795615092,1999,5,Agama,75000,1,Al-Qur'an Berbicara Tentang Akal & Ilmu Pengetahuan
Utsman Bin Affan : Khalifah Penjunjung Al-Qur'an,"Khalid Muhammad Khalid, Rashid Satari",Mizan Pustaka,9786021337141,2014,5,Agama,75000,1,Utsman Bin Affan : Khalifah Penjunjung Al-Qur'an
An Introducing To The Miracle Of Giving,Yusuf Mansur,Zikrul Hakim,9789792623444,2011,5,Agama,75000,1,An Introducing To The Miracle Of Giving
Al-Khawarizmi,NIN Studio,Gema Insani,9799795600946,2006,5,Agama,75000,1,Al-Khawarizmi
Super Tahajjud,A. Sabila Haq,Saufa,9786022559061,2015,5,Agama,75000,1,Super Tahajjud
Agar Pintu Surga Terbuka Untukmu,Haidar Musyafa,Elex Media Komputindo,9786020240718,2014,5,Agama,75000,1,Agar Pintu Surga Terbuka Untukmu
Dahsyatnya Efek Al-Quran,Ahmad Suryana,Penerbit Tiga Serangkai,9786022579274,2014,5,Agama,75000,1,Dahsyatnya Efek Al-Quran
Mendidik Tanpa Pamrih:Kisah Para Pejuang Pendidikan Islam,"Abdullah Alawi,dkk",Direktorat Jenderal Pendidikan Islam Kementrian Agama Republik Indonesia,1234567890130,2014,5,Agama,75000,1,Mendidik Tanpa Pamrih:Kisah Para Pejuang Pendidikan Islam
Menelusuri Makna Puasa Dan Al- Quran,Wali Ramadhani ,Mizan Pustaka,9786021337134,2014,5,Agama,75000,1,Menelusuri Makna Puasa Dan Al- Quran
Rahasia Rezeki,Ust. Yusuf Mansur,Zikrul Hakim,9786023421756,2017,5,Agama,75000,1,Rahasia Rezeki
Takwa Makna dan Hikmahnya Dalam Al-Quran,H.M.Ashaf Shaleh,Penerbit Erlangga,9789797814380,2008,5,Agama,75000,1,Takwa Makna dan Hikmahnya Dalam Al-Quran
Allah Subhanahu Wa Ta'ala,Said Hawwa,Gema Insani ,9795617567,2002,5,Agama,75000,1,Allah Subhanahu Wa Ta'ala
Kisah Nyata Keberkahan Para Pengamal Shalat Dhuha & Tahajud,Aqilah Selma Amalia,Dida Pustaka,9786026023384,2017,5,Agama,75000,1,Kisah Nyata Keberkahan Para Pengamal Shalat Dhuha & Tahajud
Rahasia Bersuci,"Al-Ghazali, Fuad Nawawi",Mizan Publika,9786023850334,2015,5,Agama,75000,1,Rahasia Bersuci
Mulutmu Harimaumu,"Dr, 'Umar 'Abdul Kafi",Maghfiroh Pustaka,9789791026628,2008,5,Agama,75000,1,Mulutmu Harimaumu
Memimpin Sepenuh Hati ,Imam Suprayogo,Genius Media,9786021442128,2013,5,Agama,75000,1,Memimpin Sepenuh Hati 
Keajaiban Menyantuni Anak Yatim,Mujahidin Nur,Zahira Zaytuna Ufuk Abadi,9786021258866,2008,5,Agama,75000,1,Keajaiban Menyantuni Anak Yatim
Pendidikan Agama Islam Kontemporer,Dr. H. Syahidin M.Pd. Dkk,Yayasan Masyarakat Indonesia,9786029049312,2014,5,Agama,75000,1,Pendidikan Agama Islam Kontemporer
Hijablicious,Al-Khansa Shalihah,Mizan Pustaka,9786029255799,2014,5,Agama,75000,1,Hijablicious
Deradikalisasi Pemahaman Al-Qur'an & Hadis,"Prof. Dr. H. Nasaruddin Umar, MA",Elex Media Komputindo,9786020242088,2014,5,Agama,75000,1,Deradikalisasi Pemahaman Al-Qur'an & Hadis
Shihab & Shihab,"M. Quraish Shihab, Najwa Shihab",Lentera Hati,9786027720886,2019,5,Agama,75000,1,Shihab & Shihab
Al-Hikam Ibn Athaillah Untuk Semua,Muhaji Fikriono,"Noura Books, Mizan Publika",9786027816299,2009,5,Agama,75000,1,Al-Hikam Ibn Athaillah Untuk Semua
"Hafalan Luar Kepala Bacaan Shalat, Doa dan Surat-Surat Pendek",Ramadhani,Mutiara Media,9789798781629,2014,5,Agama,75000,1,"Hafalan Luar Kepala Bacaan Shalat, Doa dan Surat-Surat Pendek"
300 Hadits Bekal Da'wah dan pembina Pribadi Muslim,Drs. H. Moh Rifa'i,CV. Wicaksana,1234567890129,1996,5,Agama,75000,1,300 Hadits Bekal Da'wah dan pembina Pribadi Muslim
Al-Ma'tsurat untuk anak,Tim Gema Insani,Gema Insani,9789790770942,2008,5,Agama,75000,1,Al-Ma'tsurat untuk anak
Kisah Orang-Orang Sabar,"Nasiruddin S.Ag, MM",Republika,9789791102032,2007,5,Agama,75000,1,Kisah Orang-Orang Sabar
150 Kisah Abu Bakar Al-Shiddiq,"Ahmad Abdul Al Thahthawi, Rashid Satari",Mizan Pustaka,9786024180119,2016,5,Agama,75000,1,150 Kisah Abu Bakar Al-Shiddiq
Lentera Ukhuwah,K.H Miftah Faridi,Mizan Pustaka,9786029255768,2014,5,Agama,75000,1,Lentera Ukhuwah
417 Kesalahan Shalat,"Syaikh Mahmud Al-Mishri, Ahmad Jokowi, Muhammad Albani",Al-Hambra,9786029722611,2010,5,Agama,75000,1,417 Kesalahan Shalat
Fitnah Fitna,"Musa Kazhim, Alfian Hamzan",Penerbit Hikmah,9789791141789,2008,5,Agama,75000,1,Fitnah Fitna
Life Begins 40 ,"DR. Muhammad Musa Syarif, M.Hidayatullah",Gema Insani Press,9789790771109,2009,5,Agama,75000,1,Life Begins 40 
30 Pesan Dibulan Ramadhan,"Drs.M. Said,M.Hum.",Gema Insani,9789790771369,2009,5,Agama,75000,1,30 Pesan Dibulan Ramadhan
Doa Harian Yang Dianjurkan Para Nabi dan Orang Saleh,Tim Lentera Hati,Penerbit Lentera Hati,9789799048981,2012,5,Agama,75000,1,Doa Harian Yang Dianjurkan Para Nabi dan Orang Saleh
Alm'atsurat Dilengkapi Dengan Ruqyah Syar'iyyah & Asmaul Husna,Ustdz Zainurrofieq,Spirit Media ,9786021988213,2014,5,Agama,75000,1,Alm'atsurat Dilengkapi Dengan Ruqyah Syar'iyyah & Asmaul Husna
Pesan-TrenAgar Hidup Indah Penuh Berkah,Ustadz Ahmad Al Habsyi,Haqiena Media,9786021454084,2014,5,Agama,75000,1,Pesan-TrenAgar Hidup Indah Penuh Berkah
Mukjizat Shalat Malam,Sallamah Muhammad Abu Al-Kamal,Mizania,9786029255591,2002,5,Agama,75000,1,Mukjizat Shalat Malam
Kisah 25 Nabi dan Rasul,"Mahfan, S.Pd, Lia Fitriani, S.Pd",Sandro Jaya Jakarta,1234567890128,2005,5,Agama,75000,1,Kisah 25 Nabi dan Rasul
50 Nasehat Untuk Muslimat,Abdul Aziz Bin Abdullah ,Gema Insani ,9795611712,2009,5,Agama,75000,1,50 Nasehat Untuk Muslimat
"Indahnya Akhlak Anakku, Tabunganku di Hari Tua",Abdullah Muhammad Abdul Mu'thi ,Penerbit Azan ,1234567890127,2003,5,Agama,75000,1,"Indahnya Akhlak Anakku, Tabunganku di Hari Tua"
Nasihat Untuk Ananda,K.H. Miftah Faridl,Penerbit Mizania,9786029255775,2013,5,Agama,75000,1,Nasihat Untuk Ananda
Quantum Tahfiz ,Farid Wajdi & Masagus A. Fauzan,YKM Press,9789791830812,2010,5,Agama,75000,1,Quantum Tahfiz 
Taman untuk anak saleh,Muhamad Ash-Shayim,Gema Insani,97956184410,2003,5,Agama,75000,1,Taman untuk anak saleh
Haid Menghalangi Ibadah? No Way?,M. Fauzi Rachman ,Mizan Pustaka,9786029255454,2013,5,Agama,75000,1,Haid Menghalangi Ibadah? No Way?
Temukan Aku Dalam Istikharahmu,Burhan Sodiq,Samudera,9789791256353,2013,5,Agama,75000,1,Temukan Aku Dalam Istikharahmu
Metode Penelitian Pendidikan Islam,H. Amri Darwis,Rajawali Pers,9789797697525,2014,5,Agama,75000,1,Metode Penelitian Pendidikan Islam
Dahsyatnya Efek Al-Quran,Ahmad Suryana,Penerbit Tiga Serangkai,9786022579274,2014,5,Agama,75000,1,Dahsyatnya Efek Al-Quran
Indahnya Pernikahan Dini,Mohammad Fauzil Adhim,Gema Insani,9795617311,2003,5,Agama,75000,1,Indahnya Pernikahan Dini
Terapi Puasa,Dr. Abdul Jawwad ash-Shawi,Penerbit Republika,979321077x,2006,5,Agama,75000,1,Terapi Puasa
Bagaimana Agar Doa Dikabulkan,Dr. Ismail Baadilah,Tinta Publisher,9786029776553,2013,5,Agama,75000,1,Bagaimana Agar Doa Dikabulkan
The Miracle of Shalat: Dahsyatnya Shalat,"Sayyid Shaleh al-Ja'fari, Muhammad Mukhlisin",Gema Insani,9789790770416,2007,5,Agama,75000,1,The Miracle of Shalat: Dahsyatnya Shalat
Don't Give Up,TEGUH IMAN MARGANA,PT  Mizan Pustaka,9786022423928,2014,5,Agama,75000,1,Don't Give Up
Sudah Siapkah Menghadapi Alam Kubur,Maria Hidayat,Abata Press,9786020983639,2015,5,Agama,75000,1,Sudah Siapkah Menghadapi Alam Kubur
Dzikir Pagi & Petang Rezeki Pasti Datang,Ahmad Lutfi Fatullah,Gema Insani,9786022500544,2012,5,Agama,75000,1,Dzikir Pagi & Petang Rezeki Pasti Datang
Teman Dalam Penantian,Mas Udik Abdullah,Pro-U Media,9791273685,2010,5,Agama,75000,1,Teman Dalam Penantian
33 Masalah Agama,H.A Aziz Salim Basyarahil,Gema Insani Press,9795612131,1994,5,Agama,75000,1,33 Masalah Agama
Ketika Nonmuslim Membaca Al-Qur'an,Irwan  Masduqi,Bentang Pustaka,9786027888340,2013,5,Agama,75000,1,Ketika Nonmuslim Membaca Al-Qur'an
Energi Positif Shalat Berjamaah,"Abdul Rahman, Lc","Noura Books, Mizan Publika",9786021606124,2013,5,Agama,75000,1,Energi Positif Shalat Berjamaah
Jejak-Jejak Wali Allah melangkah menuju gerbang kewalian bersama Syekh Abu Hasan Al-Syadzili,Muhammad Ibn Abi-Qasim al-Humairi,Dar al-Husayn al-Islamiyah Kairo,9789790333192,2009,5,Agama,75000,1,Jejak-Jejak Wali Allah melangkah menuju gerbang kewalian bersama Syekh Abu Hasan Al-Syadzili
Maha Guru Pesantren: Syaichona Cholil Bangkalan,Mokh. Syaiful Bakhri,emir,9786020935171,2015,5,Agama,75000,1,Maha Guru Pesantren: Syaichona Cholil Bangkalan
Energi Ilahi Tilawah ,Subhan Nur. Lc,Republika Penerbit,9786028997584,2012,5,Agama,75000,1,Energi Ilahi Tilawah 
How To Master Your Habits ,Felix Y. Siaw,Alfatih Press,9786021799727,2013,5,Agama,75000,1,How To Master Your Habits 
Tukang Singkong Naik Haji The Stories ,Satria Nova,PT Mizan Pustaka,9786024180836,2017,5,Agama,75000,1,Tukang Singkong Naik Haji The Stories 
"Berani Kaya, Berani Takwa",Anif Sirsaeba,Penerbit Republika,9793210583,2005,5,Agama,75000,1,"Berani Kaya, Berani Takwa"
"Dahsyatnya Bangun Pagi, Tahajud, Subuh & Dhuha",Fadlan al-Ikhwani,Shahih,9786029298017,2011,5,Agama,75000,1,"Dahsyatnya Bangun Pagi, Tahajud, Subuh & Dhuha"
Kala Rasul Berduka,Abdul  Wahid Hasan,PT Mizan Pustaka,9786021337196,2014,5,Agama,75000,1,Kala Rasul Berduka
Banyak Jalan Menuju Tuhan,Budhy Munawar,Imania,9786027926035,2013,5,Agama,75000,1,Banyak Jalan Menuju Tuhan
La Tahzan For The Sick,Fahrur Mu'is,Aisar Publishing,9786021430057,2014,5,Agama,75000,1,La Tahzan For The Sick
Kehebatan Sedekah:Kisah-Kisah Seru Tentang Kedermawanan dan Kemurahan Hati,Fuad Abdurrahman,PT Mizan Pustaka,9786022422402,2013,5,Agama,75000,1,Kehebatan Sedekah:Kisah-Kisah Seru Tentang Kedermawanan dan Kemurahan Hati
Ghirah Cemburu Karena Allah,Prof. Dr. Hamka,Gema Insani,9786022502692,2015,5,Agama,75000,1,Ghirah Cemburu Karena Allah
Berani Mencintai Bernyali Menikahi,Jauhar Al - Zanki,Pro- U Nedia,9786027820302,2015,5,Agama,75000,1,Berani Mencintai Bernyali Menikahi
Menjadi Kaya Dengan Menikah: Berdasarkan Al-Qur'an Dan As-Sunnah,Abu Fida' Abdur Rafi',Republika,9793210613,2005,5,Agama,75000,1,Menjadi Kaya Dengan Menikah: Berdasarkan Al-Qur'an Dan As-Sunnah
Beasiswa Ditelapak Kaki Ibu,Irfan Amalee,PT Mizan Pustaka,9786029255515,2013,5,Agama,75000,1,Beasiswa Ditelapak Kaki Ibu
Ingin Sehat?,"Majdi Muhammad Asy Syahawi, M.Hidayatullah",Gema Insani Press,9789790772540,2011,5,Agama,75000,1,Ingin Sehat?
Tuntunan Tobat,Muhammad Nabil Dhaif,ISTANBUL,9789790393363,2015,5,Agama,75000,1,Tuntunan Tobat
Pedoman Shalat Wanita Lengkap,"Ust. Muhammad Toha, S.Ag",Mahkota Kita,9799943930,2020,5,Agama,75000,1,Pedoman Shalat Wanita Lengkap
Umar Bin Abdul Aziz,Dr. Abdul Aziz bin Abdullah al-Humaidi,Tiga Serangkai Pustaka Mandiri,9786029211016,2015,5,Agama,75000,1,Umar Bin Abdul Aziz
Di Balik Tirai Kematian,"Sulaiman Abdurrahim, Tauhid Nur Azhar",Syaamil Books,9789790554467,2013,5,Agama,75000,1,Di Balik Tirai Kematian
Rethinking Pesantren,"Prof. DR.H Nasaruddin Umar, MA",Elex Media Komputindo,9786020237619,2014,5,Agama,75000,1,Rethinking Pesantren
Meraih Derajat Ahli Ibadah,KH. R. Abdullah Bin Nuh,Mizan,9786021306949,2014,5,Agama,75000,1,Meraih Derajat Ahli Ibadah
Islamic Golden Stories Para Pemimpin Yang Menjaga Amanah ,Ahmad Rofi' Usmani,PT Bentang Pustaka,9786022912552,2016,5,Agama,75000,1,Islamic Golden Stories Para Pemimpin Yang Menjaga Amanah 
Matematika Islam,Fahmi Basya,Republika,9789791102704,2010,5,Agama,75000,1,Matematika Islam
Man Shabara Zhafira,Ahmad Rifa'i Rif'an,PT. Elex Media Komputindo,9786020016191,2011,5,Agama,75000,1,Man Shabara Zhafira
menyingkap rahasia ibadah dalam islam,"AS- SYEKH PROF.DR, ABDUL HALIM MAHMUD",Keira Publishing ,9786021361146,2014,5,Agama,75000,1,menyingkap rahasia ibadah dalam islam
Kesempurnaan Ibadah Ramadhan,Abdul Manan bin hajji Muhammad Sobari,Republika,9793210567,2005,5,Agama,75000,1,Kesempurnaan Ibadah Ramadhan
Ash- Shuffah ,Yakhsyallah Mansur,Republika Penerbit,9786020822044,2015,5,Agama,75000,1,Ash- Shuffah 
Tertawa Yang Disukai Tertawa Yang Dibenci Allah,Adbdul Majid S.,Gema Insani,9795618733,2004,5,Agama,75000,1,Tertawa Yang Disukai Tertawa Yang Dibenci Allah
"Saat Harus Memilih Jangan Bingung, Ada Allah Bersamamu!",Nasihatku,Salam Books,9786024180270,2016,5,Agama,75000,1,"Saat Harus Memilih Jangan Bingung, Ada Allah Bersamamu!"
THE MAGNIFICENT OF NIGHT KEAGUNGAN MALAM KEAGUNGAN MALAM,Yusni Amru Ghazali,Alita Askara Media,9786029949537,2013,5,Agama,75000,1,THE MAGNIFICENT OF NIGHT KEAGUNGAN MALAM KEAGUNGAN MALAM
Ananda Bertanya Bunda Menjawab,Hj. Lina ,Intimedia,9786029580242,2011,5,Agama,75000,1,Ananda Bertanya Bunda Menjawab
Bepergian secara Islam,Dr. Abdul Hakam Ash-Sha`idi,Gema Insani Press,9795615068,1998,5,Agama,75000,1,Bepergian secara Islam
Manajemen  Alhamdulillah,Indra Utoyo,Mizan Pustaka,9786028236874,2011,5,Agama,75000,1,Manajemen  Alhamdulillah
Sejuta Nikmat Zakat ,Yuli Pujihardi,Penerbit Noura Books,9786027816886,2013,5,Agama,75000,1,Sejuta Nikmat Zakat 
Engkau Wajib Kaya Bila Shalat Dhuha dan Bersedekah dengan Benar,Iqro' al-Firdaus,DIVA Press,9786022554561,2014,5,Agama,75000,1,Engkau Wajib Kaya Bila Shalat Dhuha dan Bersedekah dengan Benar
"Live Simply, Give Love, Make History",Ahmad Rifa'i Rif'an,Elex Media Komputindo,9786020413709,2017,5,Agama,75000,1,"Live Simply, Give Love, Make History"
Islam Across Boundaries,Tarmizi Taher,Penerbit Republika,9789793210219,2003,5,Agama,75000,1,Islam Across Boundaries
Rasulullah Sang Pendidik,Al-Ustadz Muhammad Rusli Amin,AMP Press,9786029247220,2013,5,Agama,75000,1,Rasulullah Sang Pendidik
I am a Muslim Enterpreneur,Ahmad Rifa'i Rif'an,PT. Elex Media Komputindo,9786020272078,2015,5,Agama,75000,1,I am a Muslim Enterpreneur
Lezatnya Shalat,Khalid Abu Syadi,Ar-Raayah,9789790772113,2010,5,Agama,75000,1,Lezatnya Shalat
Surga Di Depan Mata,Habib Noval bin Muhammad Alaydrus,PT. Mizan Pustaka,9786021337257,2014,5,Agama,75000,1,Surga Di Depan Mata
Buya Hamka Berbicara Tentang Perempuan,Prof. Dr. Hamka,Gema Insani ,9786022502364,2014,5,Agama,75000,1,Buya Hamka Berbicara Tentang Perempuan
Me+God=Enough,Ahmad Rifa'I Rif'an,Elex Media Komputindo,9786020271781,2015,5,Agama,75000,1,Me+God=Enough
Perempuan yang Menggetarkan Surga,Haris Priyatna & Lisdy Rahayu,Penerbit Mizania,9786021337325,2014,5,Agama,75000,1,Perempuan yang Menggetarkan Surga
44 Teladan Kepemimpinan Muhammad,Herry Muhammad,Gema Insani ,9789790770843,2008,5,Agama,75000,1,44 Teladan Kepemimpinan Muhammad
Jadikan Aku Halal Bagimu,Ahmad Rifa'i Rif'an ,Mizania,9786024180430,2013,5,Agama,75000,1,Jadikan Aku Halal Bagimu
Jalan-Jalan Surga,Abdul Wahhab Al-Sya'rani,Mizani,9786024180966,2017,5,Agama,75000,1,Jalan-Jalan Surga
Hidup Sehat Ala Rasulullah,Dr. Zaidul Akbar,Mizan Pustaka,9786029255959,2014,5,Agama,75000,1,Hidup Sehat Ala Rasulullah
Butir-Butir Pemikiran Sayyid Quthb,"K. Salim Bahnasawi, Abdul Hayyie Al-Kattani",Gema Insani Press,9795618210,2003,5,Agama,75000,1,Butir-Butir Pemikiran Sayyid Quthb
300 Doa Dan Zikir Pilihhan,Tim Gema Insani,Gema Insani Press,9795615653,1999,5,Agama,75000,1,300 Doa Dan Zikir Pilihhan
Al-Qur'an Dan Realitas Umat,Ahmad Syafii Maarif,Republika,9789791102780,2010,5,Agama,75000,1,Al-Qur'an Dan Realitas Umat
Kitab Para Pencari Ilmu ,Ust. Ahmad Zacky el-Syafa,Mutiara Media,979878331x,2014,5,Agama,75000,1,Kitab Para Pencari Ilmu 
Terapi Hati,Muhammad Muhibbuddin,Mueeza,9786026380494,2017,5,Agama,75000,1,Terapi Hati
Kisah Perjuangan Nabi-Nabi Ulul Azmi,Yanuardi Syukur,Al-Maghfiroh,9786027633391,2014,5,Agama,75000,1,Kisah Perjuangan Nabi-Nabi Ulul Azmi
Bocah Yang Mengislamkan Ribuan Orang,Mujahidin Nur,Zaytuna,9786021835128,2012,5,Agama,75000,1,Bocah Yang Mengislamkan Ribuan Orang
5 Langkah Hebat Bangun Subuh Tanpa Telat,Nurhadi,Islamadina Publisher,9786021871850,2014,5,Agama,75000,1,5 Langkah Hebat Bangun Subuh Tanpa Telat
"Aku, Kau, & Dia Menjemput Jodoh Pilihan Allah",Syafaat Selamet,Mizania,9786021337240,2015,5,Agama,75000,1,"Aku, Kau, & Dia Menjemput Jodoh Pilihan Allah"
Sandiwara Langit ,Abu Umar Basyier,Shafa Publika,9791792202,2019,5,Agama,75000,1,Sandiwara Langit 
Khadijah,Abdul Mun'im Muhammad Umar,Republika Penerbit,9786020822464,2017,5,Agama,75000,1,Khadijah
Hadist Shahih Bukhari Muslim,"Muhammad Fu'ad Abdul Baqi, Abu Firly Bassam Taqiy S.Ag",Fathan Prima Media,9786021789803,2013,5,Agama,75000,1,Hadist Shahih Bukhari Muslim
Sirah Nabawiyah,"Ali Muhammad Ash Shallabi, Imam Fauji",Beirut Publishing,978979039316,2014,5,Agama,75000,1,Sirah Nabawiyah
Inna Ma'al Usri Yusran,"Muhammad Abdul Athi Buhairi, Rashid Satari",Mizan Pustaka,9786029255287,2013,5,Agama,75000,1,Inna Ma'al Usri Yusran
"30 Wanita, Kisah Penuh Hikmah dan Inspirasi","Najwa Nisaa Abdul Aziz, Sutrisno Hadi",Gema Insani,9789790771659,2010,5,Agama,75000,1,"30 Wanita, Kisah Penuh Hikmah dan Inspirasi"
Ensiklopedia Akhir Zaman,"Dr. Muhammad Ahmad Al-Mubayyadh,  Ahmad Dzulfikar, Lc",Granada Mediatama,9789793693125,2014,5,Agama,75000,1,Ensiklopedia Akhir Zaman
Ensiklopedi Apa Dan Mengapa dalam Islam Jilid 1,"Dr. Ahmad Asy-Syarbashi, Drs. Ali Yahya, psi",Kalam Publika,9786028593014,2009,5,Agama,75000,1,Ensiklopedi Apa Dan Mengapa dalam Islam Jilid 1
Ensiklopedi Apa Dan Mengapa dalam Islam Jilid 2,"Dr. Ahmad Asy-Syarbashi, Drs. Ali Yahya, psi",Kalam Publika,9786028593021,2009,5,Agama,75000,1,Ensiklopedi Apa Dan Mengapa dalam Islam Jilid 2
Ensiklopedi Apa Dan Mengapa dalam Islam Jilid 3,"Dr. Ahmad Asy-Syarbashi, Drs. Ali Yahya, psi",Kalam Publika,9786028593038,2009,5,Agama,75000,1,Ensiklopedi Apa Dan Mengapa dalam Islam Jilid 3
Ensiklopedi Apa Dan Mengapa dalam Islam Jilid 4,"Dr. Ahmad Asy-Syarbashi, Drs. Ali Yahya, psi",Kalam Publika,9786028593045,2009,5,Agama,75000,1,Ensiklopedi Apa Dan Mengapa dalam Islam Jilid 4
Ensiklopedi Apa Dan Mengapa dalam Islam Jilid 5,"Dr. Ahmad Asy-Syarbashi, Drs. Ali Yahya, psi",Kalam Publika,9786028593052,2009,5,Agama,75000,1,Ensiklopedi Apa Dan Mengapa dalam Islam Jilid 5
Ensiklopedi Apa Dan Mengapa dalam Islam Jilid 6,"Dr. Ahmad Asy-Syarbashi, Drs. Ali Yahya, psi",Kalam Publika,9786028593069,2009,5,Agama,75000,1,Ensiklopedi Apa Dan Mengapa dalam Islam Jilid 6
Ensiklopedi Apa Dan Mengapa dalam Islam Jilid 7,"Dr. Ahmad Asy-Syarbashi, Drs. Ali Yahya, psi",Kalam Publika,9786028593076,2009,5,Agama,75000,1,Ensiklopedi Apa Dan Mengapa dalam Islam Jilid 7
Ensiklopedi Apa Dan Mengapa dalam Islam Jilid 8,"Dr. Ahmad Asy-Syarbashi, Drs. Ali Yahya, psi",Kalam Publika,9786028593083,2009,5,Agama,75000,1,Ensiklopedi Apa Dan Mengapa dalam Islam Jilid 8
Ensiklopedi Apa Dan Mengapa dalam Islam Jilid 9,"Dr. Ahmad Asy-Syarbashi, Drs. Ali Yahya, psi",Kalam Publika,9786028593090,2009,5,Agama,75000,1,Ensiklopedi Apa Dan Mengapa dalam Islam Jilid 9
Ensiklopedi Apa Dan Mengapa dalam Islam Jilid 10,"Dr. Ahmad Asy-Syarbashi, Drs. Ali Yahya, psi",Kalam Publika,9786028593106,2009,5,Agama,75000,1,Ensiklopedi Apa Dan Mengapa dalam Islam Jilid 10
Ensiklopedia Muhammad SAW : Muhammad Sebagai Nabi Jilid 1,"Afzalur Rahman, Herry Mardian S",Pelangi Mizan,9789792693362,2009,5,Agama,75000,1,Ensiklopedia Muhammad SAW : Muhammad Sebagai Nabi Jilid 1
Ensiklopedia Muhammad SAW : Muhammad Sebagai Nabi Jilid 3,"Afzalur Rahman, Dewi Nurjulianti",Pelangi Mizan,9789792693386,2009,5,Agama,75000,1,Ensiklopedia Muhammad SAW : Muhammad Sebagai Nabi Jilid 3
Ensiklopedia Muhammad SAW : Muhammad Sebagai Nabi Jilid 4,"Afzalur Rahman, Yuliani Liputo",Pelangi Mizan,9789792693393,2009,5,Agama,75000,1,Ensiklopedia Muhammad SAW : Muhammad Sebagai Nabi Jilid 4
Ensiklopedia Muhammad SAW : Muhammad Sebagai Nabi Jilid 5,"Afzalur Rahman, Anton Kurnia",Pelangi Mizan,9789792693409,2009,5,Agama,75000,1,Ensiklopedia Muhammad SAW : Muhammad Sebagai Nabi Jilid 5
Ensiklopedia Muhammad SAW : Muhammad Sebagai Nabi Jilid 6,"Afzalur Rahman, Anton Kurnia",Pelangi Mizan,9789792693416,2009,5,Agama,75000,1,Ensiklopedia Muhammad SAW : Muhammad Sebagai Nabi Jilid 6
Ensiklopedia Muhammad SAW : Muhammad Sebagai Nabi Jilid 7,"Afzalur Rahman, Taufiq Rahman",Pelangi Mizan,9789792693423,2009,5,Agama,75000,1,Ensiklopedia Muhammad SAW : Muhammad Sebagai Nabi Jilid 7
Ensiklopedia Muhammad SAW : Muhammad Sebagai Nabi Jilid 8,"Afzalur Rahman, Mufti Makarim Al-Aklaq",Pelangi Mizan,9789792693430,2009,5,Agama,75000,1,Ensiklopedia Muhammad SAW : Muhammad Sebagai Nabi Jilid 8
Ensiklopedia Muhammad SAW : Muhammad Sebagai Nabi Jilid 9,"Afzalur Rahman, Mufti Makarim Al-Aklaq",Pelangi Mizan,9789792693447,2009,5,Agama,75000,1,Ensiklopedia Muhammad SAW : Muhammad Sebagai Nabi Jilid 9
Ensiklopedia Muhammad SAW : Muhammad Sebagai Nabi Jilid 10,"Afzalur Rahman, Taufiq Rahman",Pelangi Mizan,9789792693454,2009,5,Agama,75000,1,Ensiklopedia Muhammad SAW : Muhammad Sebagai Nabi Jilid 10
Fiqih Ibadah Bergambar,"Abdullah Salim Umar Bahamman, Suptiadi Yasup Boni",Mutiara Publishing,9786029475388,2014,5,Agama,75000,1,Fiqih Ibadah Bergambar
Bercanda Bersama Rasulullah,Isnaeni Fuad,Gema Insani,9789790772366,2011,5,Agama,75000,1,Bercanda Bersama Rasulullah
Ensiklopedi Cara Beribadah Menurut Islam Jilid 1 : Bersuci,"Dr. Ahmad Asy-Syarbashi, Drs. Ali Yahya, psi",Kalam Publika,9786028593014,2009,5,Agama,75000,1,Ensiklopedi Cara Beribadah Menurut Islam Jilid 1 : Bersuci
Ensiklopedi Cara Beribadah Menurut Islam Jilid 2 : Salat,"Dr. Ahmad Asy-Syarbashi, Drs. Ali Yahya, psi",Kalam Publika,9786028593021,2009,5,Agama,75000,1,Ensiklopedi Cara Beribadah Menurut Islam Jilid 2 : Salat
Ensiklopedi Cara Beribadah Menurut Islam Jilid 3 : Puasa,"Dr. Ahmad Asy-Syarbashi, Drs. Ali Yahya, psi",Kalam Publika,9786028593038,2009,5,Agama,75000,1,Ensiklopedi Cara Beribadah Menurut Islam Jilid 3 : Puasa
Ensiklopedi Cara Beribadah Menurut Islam Jilid 4 : Zakat,"Dr. Ahmad Asy-Syarbashi, Drs. Ali Yahya, psi",Kalam Publika,9786028593045,2009,5,Agama,75000,1,Ensiklopedi Cara Beribadah Menurut Islam Jilid 4 : Zakat
Ensiklopedi Cara Beribadah Menurut Islam Jilid 5 : Haji,"Dr. Ahmad Asy-Syarbashi, Drs. Ali Yahya, psi",Kalam Publika,9786028593052,2009,5,Agama,75000,1,Ensiklopedi Cara Beribadah Menurut Islam Jilid 5 : Haji
Ensiklopedi Cara Beribadah Menurut Islam Jilid 6 : Keluarga,"Dr. Ahmad Asy-Syarbashi, Drs. Ali Yahya, psi",Kalam Publika,9786028593069,2009,5,Agama,75000,1,Ensiklopedi Cara Beribadah Menurut Islam Jilid 6 : Keluarga
"Mendidik Anak, Membaca, Menulis, dan Mencintai Al-Qur'an",Ahmad Syarifuddin,Gema Insani,9795618717,2004,5,Agama,75000,1,"Mendidik Anak, Membaca, Menulis, dan Mencintai Al-Qur'an"
M. Quraish Shihab Menjawab,M. Quraish Shihab,Lentera Hati,9789799048769,2010,5,Agama,75000,1,M. Quraish Shihab Menjawab
10 Episode Teragung Rasulullah SAW,"Khalid Muhammad, Rasyid Satari",Mizan Pustaka,9786029255980,2014,5,Agama,75000,1,10 Episode Teragung Rasulullah SAW
Terjemah Hadist Bulughul Maram,"Ibnu Hajar Atsqalani, Prof. K.H Masdar Helmy",Gema Risalah Press,1234567890127,1991,5,Agama,75000,1,Terjemah Hadist Bulughul Maram
Fiqh Wanita,"Mohamed Osman El-khosht, Abu Ihmadillaha",Tinta Medina,9786029211740,2013,5,Agama,75000,1,Fiqh Wanita
Konsep Penyucian Jiwa Dalam Islam,"Dr. Ahmad Farid, Muhammad Suhadi",Ummul Qura,9786027637207,2014,5,Agama,75000,1,Konsep Penyucian Jiwa Dalam Islam
Asuransi Syariah,"Ir. Muhammad Syakir Sula, FIIS",Gema Insani Press,9785618857,2004,5,Agama,75000,1,Asuransi Syariah
Ensiklopedia Mini Sejarah Dan Kebudayaan Islam,"H. Soekama Karya, Drs. Asep Usman Ismail, MA",Logos Wacana Ilmu,9796260220,1996,5,Agama,75000,1,Ensiklopedia Mini Sejarah Dan Kebudayaan Islam
Ensiklopedia Tokoh Muslim,Ahmad Rofi' Usmani,Mizan Pustaka,9789794338698,2015,5,Agama,75000,1,Ensiklopedia Tokoh Muslim
Jejak Khulafaur Rasyidin 3 Utsman Bin Affan,"Sami Bin Abdullah Al Maghlouth, Fuad Syaifudin Nur",Almahira,9786028074698,2014,5,Agama,75000,1,Jejak Khulafaur Rasyidin 3 Utsman Bin Affan
La Tahzan; Jangan Bersedih,"Dr. Aidh Al-Qarni, Samson Rahman",Qisthi Press,9793715057,2004,5,Agama,75000,1,La Tahzan; Jangan Bersedih
Ensiklopedi Islam Jilid 2,Dewan Redaksi Ensiklopedi Islam,Ichtiar Baru Van Houve,9798276639,2003,5,Agama,75000,1,Ensiklopedi Islam Jilid 2
Ensiklopedi Islam Jilid 3,Dewan Redaksi Ensiklopedi Islam,Ichtiar Baru Van Houve,9798276647,2003,5,Agama,75000,1,Ensiklopedi Islam Jilid 3
TERAPI MENSUCIKAN JIWA,Ibnul Qayyim Al-Jauziyyah,Qisthi Press,9789791303637,2013,5,Agama,75000,1,TERAPI MENSUCIKAN JIWA
Indahnya Syariat Islam,"Syaikh Ali Ahmad Al Jurjawi, Nabhani Idris",Pustaka Al Kautsar,9789795926498,2013,5,Agama,75000,1,Indahnya Syariat Islam
Menjadi Kekasih Allah,"Syaikh Abdul Qadir Al-Jaelani, Masrohan Ahmad",Citra Media,9786027729018,2014,5,Agama,75000,1,Menjadi Kekasih Allah
Al-Hikam The Book of Wisdoms,Ibnu At haillah Al-Iskandari,Turos Khazanah Pustaka Islam,9786021583258,2015,5,Agama,75000,1,Al-Hikam The Book of Wisdoms
Hadji Agus Salim,Haidar Musyafa,Imania,9786027926486,2019,5,Agama,75000,1,Hadji Agus Salim
Akhlak Rasul Menurut Bukhari & Muslim,"Abdul Mun'im Al-Hasyimi, Abdul Hayyie Al-Kattani",Gema Insani,9789790771475,2009,5,Agama,75000,1,Akhlak Rasul Menurut Bukhari & Muslim
Syarah 100 Hadis Qudsi,"Muhammad 'Awwamah, Toto Edidarmo",Mizan Pustaka,9786027816381,2011,5,Agama,75000,1,Syarah 100 Hadis Qudsi
Panduan Shalat Lengkap,"Dr. Sa'id Bin Ali Bin Wahaf Al-Qahthani, Ibnu Abdillah",Almahira,9789799669988,2006,5,Agama,75000,1,Panduan Shalat Lengkap
Tafsir Al-Misbah Vol. 1,M. Quraish Shihab,Lentera Hati,9799048095,2002,5,Agama,75000,1,Tafsir Al-Misbah Vol. 1
Tafsir Al-Misbah Vol. 2,M. Quraish Shihab,Lentera Hati,9799048109,2002,5,Agama,75000,1,Tafsir Al-Misbah Vol. 2
Tafsir Al-Misbah Vol. 4,M. Quraish Shihab,Lentera Hati,9799048125,2002,5,Agama,75000,1,Tafsir Al-Misbah Vol. 4
Tafsir Al-Misbah Vol. 5,M. Quraish Shihab,Lentera Hati,9799048133,2002,5,Agama,75000,1,Tafsir Al-Misbah Vol. 5
Tafsir Al-Misbah Vol. 6,M. Quraish Shihab,Lentera Hati,9799048141,2002,5,Agama,75000,1,Tafsir Al-Misbah Vol. 6
Tafsir Al-Misbah Vol. 7,M. Quraish Shihab,Lentera Hati,9799048087,2002,5,Agama,75000,1,Tafsir Al-Misbah Vol. 7
Tafsir Al-Misbah Vol. 8,M. Quraish Shihab,Lentera Hati,9799048168,2002,5,Agama,75000,1,Tafsir Al-Misbah Vol. 8
Tafsir Al-Misbah Vol. 9,M. Quraish Shihab,Lentera Hati,9799048184,2002,5,Agama,75000,1,Tafsir Al-Misbah Vol. 9
Tafsir Al-Misbah Vol. 10,M. Quraish Shihab,Lentera Hati,9799048192,2002,5,Agama,75000,1,Tafsir Al-Misbah Vol. 10
Tafsir Al-Misbah Vol. 11,M. Quraish Shihab,Lentera Hati,9799048206,2002,5,Agama,75000,1,Tafsir Al-Misbah Vol. 11
Tafsir Al-Misbah Vol. 12,M. Quraish Shihab,Lentera Hati,9799048249,2002,5,Agama,75000,1,Tafsir Al-Misbah Vol. 12
Tafsir Al-Misbah Vol. 13,M. Quraish Shihab,Lentera Hati,9799048257,2002,5,Agama,75000,1,Tafsir Al-Misbah Vol. 13
Tafsir Al-Misbah Vol. 14,M. Quraish Shihab,Lentera Hati,9799048265,2002,5,Agama,75000,1,Tafsir Al-Misbah Vol. 14
Katalog Koleksi Bayt Al-Qur'an & Museum Istiqlal,"Drs. H. Muhammad Shohib, MA., dkk",Lajnah Pentashihan Mushaf Al-Qur'an ,9786029765335,2010,5,Agama,75000,1,Katalog Koleksi Bayt Al-Qur'an & Museum Istiqlal
Panduan Shalat Lengkap,Dr. Abdullah Nashih Ulwan,Asy Syifa,9791296758,1981,5,Agama,75000,1,Panduan Shalat Lengkap
Muslim Visioner : Hidup Dengan Al-Fatihah,Amang Syafrudin,Gema Insani ,9789790771161,2009,5,Agama,75000,1,Muslim Visioner : Hidup Dengan Al-Fatihah
Sebab Turunnya Ayat Al-Qur'an,Jalaluddin As-Suyuthi,Gema Insani,9789790770751,2008,5,Agama,75000,1,Sebab Turunnya Ayat Al-Qur'an
Beasiswa 5 Benua,A. Fuadi,Gramedia Pustaka Utama,9786020328911,2014,300,Ilmu Pengetahuan Sosial,75000,1,Beasiswa 5 Benua
Islamic Educational Leadership,"Dr.H.Nur Efendi,M.Ag",Parama Publishing,9786021547816,2015,300,Ilmu Pengetahuan Sosial,75000,1,Islamic Educational Leadership
Menuju Kreativitas,Wahyudin,Gema Insani 2003,9795618628,2003,300,Ilmu Pengetahuan Sosial,75000,1,Menuju Kreativitas
Dibalik Reformasi 1998,Laksamana Sukardi,Kompas Penerbit,9786024124205,2018,300,Ilmu Pengetahuan Sosial,75000,1,Dibalik Reformasi 1998
Desain Prestasi Pembelajaran Inovatif,"Dr H.M Musfiqon, M.Pd., Andiek Widodo, M.M.",Prestasi Pustakaraya,9786022560500,2015,300,Ilmu Pengetahuan Sosial,75000,1,Desain Prestasi Pembelajaran Inovatif
Metode Penelitian Pendidikan,Prof. Dr. Sugiyono,Alfabeta,9798433718,2015,300,Ilmu Pengetahuan Sosial,75000,1,Metode Penelitian Pendidikan
95 Strategi Mengajar Multiple Intelligences,"Alamsyah Said, S.Pd., M.Si., Andi Budimanjaya, S.Pd",Prenadamedia Group,9786021186800,2015,300,Ilmu Pengetahuan Sosial,75000,1,95 Strategi Mengajar Multiple Intelligences
Kiat Menjadi Guru Yang Mengagumkan,"Caroline Bentley-Davies, Benyamin Molan",Indeks,9789790624832,2015,300,Ilmu Pengetahuan Sosial,75000,1,Kiat Menjadi Guru Yang Mengagumkan
Prof. Hembing,Siti Nafsiah,Prestasi,979915703X,2000,300,Ilmu Pengetahuan Sosial,75000,1,Prof. Hembing
"Kompetensi Guru-Guru Efektif, Edisi Kedua","James H. Stronge, Ellys Tjo",Indeks,9789790620193,2007,300,Ilmu Pengetahuan Sosial,75000,1,"Kompetensi Guru-Guru Efektif, Edisi Kedua"
Kaidah-Kaidah Metode Ilmiah,"Stephen S. Carey, Irfan M Zakkie",Nusa Media,9789791305969,2015,300,Ilmu Pengetahuan Sosial,75000,1,Kaidah-Kaidah Metode Ilmiah
Perkembangan Peserta Didik : Mata Kuliah Dasar Profesi (MKDP),Syamsu Yusuf,RajaGrafindo Persada,9789797693299,2012,300,Ilmu Pengetahuan Sosial,75000,1,Perkembangan Peserta Didik : Mata Kuliah Dasar Profesi (MKDP)
Gaul Tekno Tanpa Error,Solihin,Gema Insani ,9795602569,2007,300,Ilmu Pengetahuan Sosial,75000,1,Gaul Tekno Tanpa Error
Guru Profesional,Kunandar,Rajawali Press,9789797691134,2014,300,Ilmu Pengetahuan Sosial,75000,1,Guru Profesional
Learning Metamorphosis Hebat Gurunya Dahsyat Muridnya,H.D Iriyanto,Erlangga,9786027596016,2012,300,Ilmu Pengetahuan Sosial,75000,1,Learning Metamorphosis Hebat Gurunya Dahsyat Muridnya
Ansor Dan Tentang Kebangsaan,Rizqon Halal Syah.A,Republika,9786020822143,2015,300,Ilmu Pengetahuan Sosial,75000,1,Ansor Dan Tentang Kebangsaan
Bijak Menyikapi Perbedaan Pendapat,Al-Hamid Jakfar Al-Qadri,Mizan Pustaka,9789794337530,2012,300,Ilmu Pengetahuan Sosial,75000,1,Bijak Menyikapi Perbedaan Pendapat
Say No To Galau,Archan,Raih Asa Sukses,9789790131767,2012,300,Ilmu Pengetahuan Sosial,75000,1,Say No To Galau
Hanya 2 Menit Anda Bisa Tahu Potensi Rezeki Anda,Ippho Santosa,Elex Media Komputindo,9786020019901,2012,300,Ilmu Pengetahuan Sosial,75000,1,Hanya 2 Menit Anda Bisa Tahu Potensi Rezeki Anda
Metodologi Penelitian,"Dr. Juliansyah Noor, S.E., M.M",Prenadamedia Group,9786023730822,2011,300,Ilmu Pengetahuan Sosial,75000,1,Metodologi Penelitian
"7 Keajaiban Rezeki Rezeki Bertambah, Nasib Berubah, Dalam 99 Hari, Dengan Otak Kanan",Ippho Santosa,PT Elex Media Komputindo,9789792769234,2010,300,Ilmu Pengetahuan Sosial,75000,1,"7 Keajaiban Rezeki Rezeki Bertambah, Nasib Berubah, Dalam 99 Hari, Dengan Otak Kanan"
Panduan Lengkap Administrasi Mengajar Guru,Imam Wahyudi,Prestasi Pustakaraya,9786022560401,2014,300,Ilmu Pengetahuan Sosial,75000,1,Panduan Lengkap Administrasi Mengajar Guru
Be A Great Muslimah,Febrianti Almeera,Mizan Pustaka,9786029255423,2013,300,Ilmu Pengetahuan Sosial,75000,1,Be A Great Muslimah
Kambing Putih Bukan Kambing Hitam,Muhaimin Iqbal & drh. Brian Koesoema Adhie,Republika Penerbit,9786028997188,2011,300,Ilmu Pengetahuan Sosial,75000,1,Kambing Putih Bukan Kambing Hitam
Sharia Economics 2.0 Ekonomi Syariah Untuk Kita,Muhaimin Iqbal & drh. Brian Koesoema Adhie,Republika Penerbit,9786028997669,2013,300,Ilmu Pengetahuan Sosial,75000,1,Sharia Economics 2.0 Ekonomi Syariah Untuk Kita
Membangun Organisasi Berbudaya,Dr. Mahmuddin Yasin,Mizan Pustaka,9786027829176,2012,300,Ilmu Pengetahuan Sosial,75000,1,Membangun Organisasi Berbudaya
Asesemen dan Evaluasi Pendidikan,"Prof. Dr. A. Muri Yusuf, M.Pd",Prenamedia Group,9786021186664,2015,300,Ilmu Pengetahuan Sosial,75000,1,Asesemen dan Evaluasi Pendidikan
Hijab I'm In Love,Oki Setiana Dewi,Mizan Pustaka,9786029255416,2013,300,Ilmu Pengetahuan Sosial,75000,1,Hijab I'm In Love
Slilit Sang Kiai,Emha Ainun Nadjib,PT Mizan Pustaka,9789794338841,2013,300,Ilmu Pengetahuan Sosial,75000,1,Slilit Sang Kiai
Satu Menit Pencerahan ,Nurcholish Madjid,Imania,9786027926011,2013,300,Ilmu Pengetahuan Sosial,75000,1,Satu Menit Pencerahan 
Awas! Bahaya Lidah,"Abdullah Bin Jaarullah, Abu Haidar, Abu Fahmi",Gema Insani Press,9795611771,1993,300,Ilmu Pengetahuan Sosial,75000,1,Awas! Bahaya Lidah
Berguru News Anchor pada Najwa Shihab,Brillianto K. Jaya,Republika,9786028997942,2014,300,Ilmu Pengetahuan Sosial,75000,1,Berguru News Anchor pada Najwa Shihab
Pembelajaran Nilai Kejujuran dalam Berbisnis,H. Rizali Hadi,Aswaja Pressindo,9786027315280,2015,300,Ilmu Pengetahuan Sosial,75000,1,Pembelajaran Nilai Kejujuran dalam Berbisnis
Aku Cermin Shalatku,Ghufron Hasan,Republika,9786028997539,2012,300,Ilmu Pengetahuan Sosial,75000,1,Aku Cermin Shalatku
Panduan Pendidikan Anti Korupsi,Yugha Erlangga ,Penerbit Erlangga,9786027596610,2014,300,Ilmu Pengetahuan Sosial,75000,1,Panduan Pendidikan Anti Korupsi
Kurikulum Pendidikan Jasmani,Dini Rosdiani M.Pd,Alfabeta,9786022891406,2015,300,Ilmu Pengetahuan Sosial,75000,1,Kurikulum Pendidikan Jasmani
Bekal Untuk Pemimpin,"Dr. KH. Abdullah Syukri Zarkasyi, M.A",TRIMURTI PRESS,9798746074,2011,300,Ilmu Pengetahuan Sosial,75000,1,Bekal Untuk Pemimpin
Hypnosis For Entrepreneur,"Ichsan Solihudin,S.S.,C.H.,C.Ht.,C.I",PT Mizan Pustaka,9786022426943,2015,300,Ilmu Pengetahuan Sosial,75000,1,Hypnosis For Entrepreneur
Hypnosis For Student,"Ichsan Solihudin,S.S.,C.H.,C.Ht.,C.I",Mizan Pustaka,9786022426936,2010,300,Ilmu Pengetahuan Sosial,75000,1,Hypnosis For Student
Amien Rais Sang Demokrat,"Ir. Muhammad Najib, Kuat Sukardiyono",Gema Insani,9795615122,1998,300,Ilmu Pengetahuan Sosial,75000,1,Amien Rais Sang Demokrat
Sudahkah  Anda Menjadi  Guru Berkarisma?,Jamal Ma'mur Asmani,DIVA PRESS,9786022559443,2015,300,Ilmu Pengetahuan Sosial,75000,1,Sudahkah  Anda Menjadi  Guru Berkarisma?
Excellent Leadership,Dr. H. Cris Kuntadi,Imprint Republika Penerbit,9786027595460,2017,300,Ilmu Pengetahuan Sosial,75000,1,Excellent Leadership
Melampaui Mimpi Anies Baswedan ,Syafiq Basri,PT Mizan Pustaka,9789794338193,2014,300,Ilmu Pengetahuan Sosial,75000,1,Melampaui Mimpi Anies Baswedan 
Dunia Forensik Itu Lucu,Tofik Pram,Mizan Publika,9786021606070,2013,300,Ilmu Pengetahuan Sosial,75000,1,Dunia Forensik Itu Lucu
A to Z Anak Kreatif,Wahyudin,Gema Insani,9795602314,2007,300,Ilmu Pengetahuan Sosial,75000,1,A to Z Anak Kreatif
The Power of Positive Thingking,Norman Vincent Peale,Menuju Insan Cemerlang,9786020956077,2015,300,Ilmu Pengetahuan Sosial,75000,1,The Power of Positive Thingking
Indonesia Ketergantungan Dan Keterbelakangan ,Sritua Arief & Adi Sasono,Mizan Pustaka,9789794337561,2013,300,Ilmu Pengetahuan Sosial,75000,1,Indonesia Ketergantungan Dan Keterbelakangan 
Save Your Money! Bebas Utang Banyak Uang,Yosephine P. Tyas,PT Mizan Pustaka,9786027816220,2014,300,Ilmu Pengetahuan Sosial,75000,1,Save Your Money! Bebas Utang Banyak Uang
Antara Perut dan Etos Kerja: Dalam Perspektif Islam,"Dr. Thohir Luth, M.A.",Gema Insani Press,9795616625,2001,300,Ilmu Pengetahuan Sosial,75000,1,Antara Perut dan Etos Kerja: Dalam Perspektif Islam
Batic,Remaja Tampubolon,PT Mizan Pustaka,9786027870635,2014,300,Ilmu Pengetahuan Sosial,75000,1,Batic
Mengobati Dengan Hati,Dr. Ade Hashman,BELANTIKA,9793646020,2004,300,Ilmu Pengetahuan Sosial,75000,1,Mengobati Dengan Hati
Kiat Tahap Awal Belajar Stand Up Comedy Indonesia Kitab Suci,Ramon Papana,PT TransMedia,9797943448,2012,300,Ilmu Pengetahuan Sosial,75000,1,Kiat Tahap Awal Belajar Stand Up Comedy Indonesia Kitab Suci
I Love To Organize ,Sofie Beatrix,Gramedia Pustaka Utama,9786020318011,2015,300,Ilmu Pengetahuan Sosial,75000,1,I Love To Organize 
Sebuah Seni Untuk Bersikap Bodo Amat ,Mark Manson,Gramedia Widiasarana Indonesia,9786024526986,2018,300,Ilmu Pengetahuan Sosial,75000,1,Sebuah Seni Untuk Bersikap Bodo Amat 
Be Smart Girl ,Fase Badiyah.S.K.M..M Kes Putti Bning  Diati,Gema Insani,9795618938,2004,300,Ilmu Pengetahuan Sosial,75000,1,Be Smart Girl 
Kami Tidak Lupa Indonesia,Kompasiana,PT Bentang Pustaka,9786022910046,2014,300,Ilmu Pengetahuan Sosial,75000,1,Kami Tidak Lupa Indonesia
Jeritan Energi,Achmad Widjaja,Mizan Publika,9786027829220,2014,300,Ilmu Pengetahuan Sosial,75000,1,Jeritan Energi
Guru ,Arief Rachman,Erlangga ,9786027596993,2015,300,Ilmu Pengetahuan Sosial,75000,1,Guru 
Berbagai Pendekatan Dalam Proses Belajar Dan Mengajar,"Prof.Dr. S. Nasution, M.A.",PT Bumi Aksara,9795261622,2015,300,Ilmu Pengetahuan Sosial,75000,1,Berbagai Pendekatan Dalam Proses Belajar Dan Mengajar
HOPE,Endah Sulwesi Dan Kurnia Efendi,PT Bentang Pustaka,9786027888142,2013,300,Ilmu Pengetahuan Sosial,75000,1,HOPE
Ayah Edy Menjawab,Ayah Edy,Noura Books,9786029498424,2015,300,Ilmu Pengetahuan Sosial,75000,1,Ayah Edy Menjawab
Kepemimpinan Pendidikan Transformasional,Dr. H. Encep Safrudin Muhyi,Diadit Media Press,9789791815758,2011,300,Ilmu Pengetahuan Sosial,75000,1,Kepemimpinan Pendidikan Transformasional
Pemimpin Dipuji & Dicaci,"A. Bakir Ihsan, Zaenal A. Budiyono",Expose Mizan Publika,9786027829053,2013,300,Ilmu Pengetahuan Sosial,75000,1,Pemimpin Dipuji & Dicaci
Anak Cerdas Bahagia dengan Pendidikan Positif,Muhammad Alwi,Noura Books,9786021606827,2014,300,Ilmu Pengetahuan Sosial,75000,1,Anak Cerdas Bahagia dengan Pendidikan Positif
Memimpin Sepenuh Hati ,Imam Suprayogo,Genius Media,9786021442128,2013,300,Ilmu Pengetahuan Sosial,75000,1,Memimpin Sepenuh Hati 
Septictank,Pandji Pragiwaksono,Bentang Pustaka,9786022915607,2019,300,Ilmu Pengetahuan Sosial,75000,1,Septictank
Bebaskan Diri Anda,Yusuf Al-Ukshari,Gema Insani,9795619535,2005,300,Ilmu Pengetahuan Sosial,75000,1,Bebaskan Diri Anda
Special Education for Special Children,Jamila K.A. Muhammad,PT. Mizan Publika,9789791141734,2008,300,Ilmu Pengetahuan Sosial,75000,1,Special Education for Special Children
Rasulullah is My Doctor,Jerry D.Gray,Sinergi Publishing,9789799898814,2010,300,Ilmu Pengetahuan Sosial,75000,1,Rasulullah is My Doctor
Anak Asuh Bernama Indonesia (Daur I),Emha Ainun Nadjib,PT Bentang Pustaka,9786022913979,2017,300,Ilmu Pengetahuan Sosial,75000,1,Anak Asuh Bernama Indonesia (Daur I)
Menjadi Enterpreneur Jempolan,Djati Sutomo,Republika,9789793210827,2007,300,Ilmu Pengetahuan Sosial,75000,1,Menjadi Enterpreneur Jempolan
123 Anti Kere,"Inga Laurina Ekha, dkk",PT. Bentang Pustaka,9786029481051,2012,300,Ilmu Pengetahuan Sosial,75000,1,123 Anti Kere
Strategi Pembelajaran dengan Problem Based Learning,"Dr. Ir. Rusmono, M.Pd",Ghalia Indonesia,9789794506653,2012,300,Ilmu Pengetahuan Sosial,75000,1,Strategi Pembelajaran dengan Problem Based Learning
Sehidup Sesurga ,Fahd Pahdepie,Panda Media,9789797808457,2016,300,Ilmu Pengetahuan Sosial,75000,1,Sehidup Sesurga 
"MUDA MULIA Cahaya Gelapmu, Kuatkan Langkahku, Muliakan Mudamu",Rendy Saputra,PT Mizan Pustaka,9786029255461,2013,300,Ilmu Pengetahuan Sosial,75000,1,"MUDA MULIA Cahaya Gelapmu, Kuatkan Langkahku, Muliakan Mudamu"
SDM Yang Produktif Pendekatan AL-Qur'an Dan Sains,Dr. Abdul Hamid Mursi,Gema Insani,9795614584,1997,300,Ilmu Pengetahuan Sosial,75000,1,SDM Yang Produktif Pendekatan AL-Qur'an Dan Sains
Compassion: 12 Langkah Menuju Hidup Berbelas Kasih,Karen Armstrong,PT Mizan Pustaka,9789794335949,2012,300,Ilmu Pengetahuan Sosial,75000,1,Compassion: 12 Langkah Menuju Hidup Berbelas Kasih
A Tribute,Jamil Azzaini,Mizania,9786021337516,2015,300,Ilmu Pengetahuan Sosial,75000,1,A Tribute
Markesot Belajar Ngaji,Emha Ainun Nadjib,PT. Bentang Pustaka,9786022915164,2019,300,Ilmu Pengetahuan Sosial,75000,1,Markesot Belajar Ngaji
Jejak Rasa Nusantara,Fadly Rahman,Gramedia Pustaka Utama,9786020335216,2016,300,Ilmu Pengetahuan Sosial,75000,1,Jejak Rasa Nusantara
Menuju Puncak Prestasi Tanpa Batas,Yusuf al-Ugshari,Gema Insani,9795600788,2006,300,Ilmu Pengetahuan Sosial,75000,1,Menuju Puncak Prestasi Tanpa Batas
MONEY THERAPY,Irma Rahayu,Republika Penerbit,9786028997645,2013,300,Ilmu Pengetahuan Sosial,75000,1,MONEY THERAPY
Buku Pintar Sejarah Dunia Untuk Anak Pintar,"John Farndon, Retno Wulandari",Locus,9792405836,2016,300,Ilmu Pengetahuan Sosial,75000,1,Buku Pintar Sejarah Dunia Untuk Anak Pintar
"How To Make A Baby, Mommy?","Dian Mardi S, Gita Lovusa dkk","Kaifa, Mizan Pustaka",9786021637265,2014,300,Ilmu Pengetahuan Sosial,75000,1,"How To Make A Baby, Mommy?"
#Amoi Berhijab ,"Raisyah Rania Yeap, Syarafuddin Sulaiman",PT. Mizan Pustaka,9786021337493,2014,300,Ilmu Pengetahuan Sosial,75000,1,#Amoi Berhijab 
Satu Jam Lebih Dekat,tvOne,Hikmah,9786028767132,2010,300,Ilmu Pengetahuan Sosial,75000,1,Satu Jam Lebih Dekat
Indie Preneur,Pandji Pragiwaksono,PT Bentang Pustaka,9786022911081,2015,300,Ilmu Pengetahuan Sosial,75000,1,Indie Preneur
Wanita Harapan Tuhan,"M.Sya'rawi, H.Salim Basyarahil",Gema Insani Press,9795611577,1987,300,Ilmu Pengetahuan Sosial,75000,1,Wanita Harapan Tuhan
Jangan Jadi Seleb,O. Solihin Iwan Januar,Gema Insani,9795617834,2002,300,Ilmu Pengetahuan Sosial,75000,1,Jangan Jadi Seleb
The Secret Of Friendship,Muhammad Rajab & Abdul Wahid Shomad,Prestasi,9789799959188,2010,300,Ilmu Pengetahuan Sosial,75000,1,The Secret Of Friendship
Belajar Sepanjang Waktu,John Holp,PT Penerbit Erlangga,9786022417552,2012,300,Ilmu Pengetahuan Sosial,75000,1,Belajar Sepanjang Waktu
Kiat Sukses Belajar Melalui TBJ (Trik Belajar Jitu),Adrian,AMP Press,9786029247701,2015,300,Ilmu Pengetahuan Sosial,75000,1,Kiat Sukses Belajar Melalui TBJ (Trik Belajar Jitu)
Siluet Rindu Untuk Ibu,"Indari Mastuti, dkk",Imania,9786029975680,2013,300,Ilmu Pengetahuan Sosial,75000,1,Siluet Rindu Untuk Ibu
Ibu Pertiwi Memanggilmu Pulang,Peppih Nugraha,Bentang Pustaka,9786027888623,2013,300,Ilmu Pengetahuan Sosial,75000,1,Ibu Pertiwi Memanggilmu Pulang
Saatnya Berburu Beasiswa,Enung Nurhayati,Laksana,9786024071639,2017,300,Ilmu Pengetahuan Sosial,75000,1,Saatnya Berburu Beasiswa
Transcendental Quotient,Syahmuharnis dan Harry Sidharta,Penerbit Republika,7973210737,2006,300,Ilmu Pengetahuan Sosial,75000,1,Transcendental Quotient
Habib Munzir Menanam Cinta Untuk Para Kekasih Rasulullah,Muhammad Guntur & Tim Majelis Rasulullah,Kultum Media,9790172664,2013,300,Ilmu Pengetahuan Sosial,75000,1,Habib Munzir Menanam Cinta Untuk Para Kekasih Rasulullah
Indonesia Menginspirasi,Ciptono Jayin,Bentang Pustaka,9786027888289,2013,300,Ilmu Pengetahuan Sosial,75000,1,Indonesia Menginspirasi
Critical Thinking,Kasdin Sihotang dkk,Pustaka Sinar Harapan,9789794169498,2012,300,Ilmu Pengetahuan Sosial,75000,1,Critical Thinking
Strategy Of Learning,Enar Ratriany Assa,Araska,9786023001064,2015,300,Ilmu Pengetahuan Sosial,75000,1,Strategy Of Learning
Pembelajaran Ilmu Pengetahuan Sosial,Dadang Supardan ,Bumi Aksara,9786022175414,2015,300,Ilmu Pengetahuan Sosial,75000,1,Pembelajaran Ilmu Pengetahuan Sosial
Emansipasi adakah dalam Islam,Abdurrahman Al-Baghdadi ,Gema Insani,9795610430,1998,300,Ilmu Pengetahuan Sosial,75000,1,Emansipasi adakah dalam Islam
Menjadi pribadi yang berpengaruh,Yusuf al-Uqshari,Gema Insani,9795619543,2005,300,Ilmu Pengetahuan Sosial,75000,1,Menjadi pribadi yang berpengaruh
Insya Allah Aku Bisa Sekolah,Dul Abdul Rahman,Diva Press,9786022558088,2015,300,Ilmu Pengetahuan Sosial,75000,1,Insya Allah Aku Bisa Sekolah
Semesta Emha Ainun Nadjib ,Sumasno Hadi,PT. Mizan Pustaka,9786024410100,2017,300,Ilmu Pengetahuan Sosial,75000,1,Semesta Emha Ainun Nadjib 
Guru Komunikatif Pembelajaran Jadi Efektif,"Theo Riyanto, FIC",Penerbit PT. Kanisius,9789792142402,2015,300,Ilmu Pengetahuan Sosial,75000,1,Guru Komunikatif Pembelajaran Jadi Efektif
Chandra-Bibit,Rohmat Haryadi,Mizan Publika,9789793714684,2009,300,Ilmu Pengetahuan Sosial,75000,1,Chandra-Bibit
33 Cara Kaya Ala Bob Sadino,Asterlita SV,Genesis Learning,9786026475121,2016,300,Ilmu Pengetahuan Sosial,75000,1,33 Cara Kaya Ala Bob Sadino
Aku Bisa Nulis Cerpen,Joni Ariadinata,Gema Insani,9795600958,2006,300,Ilmu Pengetahuan Sosial,75000,1,Aku Bisa Nulis Cerpen
Belajar Bersahabat ,Ahmad Mahmud Faraj,Zaman,9789790243422,2007,300,Ilmu Pengetahuan Sosial,75000,1,Belajar Bersahabat 
Save Our Soul,Solihin,Gema Insani,9795602624,2017,300,Ilmu Pengetahuan Sosial,75000,1,Save Our Soul
Kun Fayakuun For Business,Tim PPPA Daarul Quran,Sygma Creative Media Corp,9789790554955,2014,300,Ilmu Pengetahuan Sosial,75000,1,Kun Fayakuun For Business
Percepatan Rezeki Dalam 40 Hari Dengan Otak Kanan,Ippho Santosa,Elex Media Komputindo,9789792793291,2010,300,Ilmu Pengetahuan Sosial,75000,1,Percepatan Rezeki Dalam 40 Hari Dengan Otak Kanan
SPSS Untuk Penelitian,V.Wiratna Sujarweni,Pustaka Baru Press,9786027819078,2015,300,Ilmu Pengetahuan Sosial,75000,1,SPSS Untuk Penelitian
On,Jamil Azzaini,Mizan Pustaka,9786029255485,2013,300,Ilmu Pengetahuan Sosial,75000,1,On
Mikul Duwur Mendem Jero,Soetjipto Wirosardjono,Penerbit Republika,9789793210872,2007,300,Ilmu Pengetahuan Sosial,75000,1,Mikul Duwur Mendem Jero
Pendidikan Berbasis Ketuhanan,Abd. Majid,Ghalia Indonesia,9789794506875,2014,300,Ilmu Pengetahuan Sosial,75000,1,Pendidikan Berbasis Ketuhanan
Metodologi Penelitian Tindakan Sekolah,Abd. Rahman A. Ghani,Rajawali Pers,9789797697730,2014,300,Ilmu Pengetahuan Sosial,75000,1,Metodologi Penelitian Tindakan Sekolah
Muslimah Sukses Tanpa Stress,"Dr. Erma Pawitasari, M.Ed",Gema Insani,9786022502586,2015,300,Ilmu Pengetahuan Sosial,75000,1,Muslimah Sukses Tanpa Stress
Panduan Evaluasi Kegiatan Belajar-Mengajar,Sigit Pramono,DIVA Press,9786022552598,2014,300,Ilmu Pengetahuan Sosial,75000,1,Panduan Evaluasi Kegiatan Belajar-Mengajar
Guyu,Cak Aep,Elex Media Komputindo,9786020245157,2014,300,Ilmu Pengetahuan Sosial,75000,1,Guyu
Guru Kalbu,Idris Apandi,SMILE's Publishing,9786021707043,2015,300,Ilmu Pengetahuan Sosial,75000,1,Guru Kalbu
Pensiun Muda Pensiun Kaya,Elie Mulyadi,Mizania,9786029255836,2026,300,Ilmu Pengetahuan Sosial,75000,1,Pensiun Muda Pensiun Kaya
Pendidikan Keterampilan Peternakan,Drs. T.K. Purba dkk.,Karya Unipress,1234567890126,1983,300,Ilmu Pengetahuan Sosial,75000,1,Pendidikan Keterampilan Peternakan
Pengembangan Bahan Ajar Tematik,Andi Prastowo,Kencana Prenadamedia Group,9786027985551,2014,300,Ilmu Pengetahuan Sosial,75000,1,Pengembangan Bahan Ajar Tematik
Mari Mencintai Anak Yatim,Muhsin M.K,Gema Insani Press,9795618288,2003,300,Ilmu Pengetahuan Sosial,75000,1,Mari Mencintai Anak Yatim
Oase di Pojok Kantor,Choirul Anwar,Penerbit Republika,9789791102124,2007,300,Ilmu Pengetahuan Sosial,75000,1,Oase di Pojok Kantor
Evaluasi Pembelajaran,"Dr. Elis Ratnawulan, S.Si., M.T",CV Pustaka Setia,9789790764989,2015,300,Ilmu Pengetahuan Sosial,75000,1,Evaluasi Pembelajaran
Mastery Learning: Faktor-faktor yang Mempengaruhinya,H. Mas'ud Zein,Aswaja Pressindo,9786021865224,2013,300,Ilmu Pengetahuan Sosial,75000,1,Mastery Learning: Faktor-faktor yang Mempengaruhinya
Paradigma Baru Pendidikan Kewarganegaraan,"Drs. H. Sukarno, M. Si",Pustaka Pelajar,9786022294504,2015,300,Ilmu Pengetahuan Sosial,75000,1,Paradigma Baru Pendidikan Kewarganegaraan
Manajemen Kurikulum,"Dr. H. Dinn Wahyudin, MA.",Remaja Rosdakarya,9789796925667,2014,300,Ilmu Pengetahuan Sosial,75000,1,Manajemen Kurikulum
Secangkir Kopi Inspirasi,Prabu Revolusi,"Kaifa, Mizan Pustaka",9786028994941,2013,300,Ilmu Pengetahuan Sosial,75000,1,Secangkir Kopi Inspirasi
Desain Sistem Pembelajaran Dalam Konteks Kurikulum 2013,"Dr. Yunus Abidin, M.Pd",Refika Aditama,9786027948228,2014,300,Ilmu Pengetahuan Sosial,75000,1,Desain Sistem Pembelajaran Dalam Konteks Kurikulum 2013
Merebut Pasar Asean ,"Philip Kotler, Hermawan Karta Jaya, Hooi Den Huan",Kaifa PT Mizan Pustaka,9786028994194,2011,300,Ilmu Pengetahuan Sosial,75000,1,Merebut Pasar Asean 
From One Dollar To Billion Dollars Company,"Prof. Renald Kasali,PH.D",PT Kompas Media Nusantara,9789797098643,2014,300,Ilmu Pengetahuan Sosial,75000,1,From One Dollar To Billion Dollars Company
The Power Of Empathy In Leadership,Raja Bambang Sutikno,Gramedia Pustaka Utama,9789792229127,2007,300,Ilmu Pengetahuan Sosial,75000,1,The Power Of Empathy In Leadership
Financial Parenting,"Kak Seto, Lutfi Trizki",Noura Books,9786029498813,2012,300,Ilmu Pengetahuan Sosial,75000,1,Financial Parenting
La Tahzan For Student,Lisman Suryanegara dkk,Lingkar Pena Kreativa,9786028851299,2011,300,Ilmu Pengetahuan Sosial,75000,1,La Tahzan For Student
Mendidik Anak Perempuan,Abdul Mun'im Ibrahim,Gema Insani Press,9795619993,2005,300,Ilmu Pengetahuan Sosial,75000,1,Mendidik Anak Perempuan
Rahasia Tak Terungkap 212,"Nonop Hanafi, Jamiludin Hidayat",Alfabeta,9786022892816,2017,300,Ilmu Pengetahuan Sosial,75000,1,Rahasia Tak Terungkap 212
Asuransi Umum Syariah,Muhaimin Iqbal,Gema Insani Press,9795617540,2005,300,Ilmu Pengetahuan Sosial,75000,1,Asuransi Umum Syariah
Bank Syariah,"Dr. Muhammad Syafii Antonio, M.Ec",Gema Insani,9789790772212,2001,300,Ilmu Pengetahuan Sosial,75000,1,Bank Syariah
Menjadi Laki-Laki,Eko Novianto Nugroho,Gema Insani Press,9786022501602,2013,300,Ilmu Pengetahuan Sosial,75000,1,Menjadi Laki-Laki
Koruptor itu Kafir,"Dr. Bambang Widjayanto, dkk",PT. Mizan Publika,9786029686425,2010,300,Ilmu Pengetahuan Sosial,75000,1,Koruptor itu Kafir
General Tafakul Practice,Muhaimin Iqbal,Gema Insani Press,9795600044,2005,300,Ilmu Pengetahuan Sosial,75000,1,General Tafakul Practice
Kenali Diri Raih Prestasi,Yusuf Al-Ukhsari,Gema Insani Press,9795600796,2005,300,Ilmu Pengetahuan Sosial,75000,1,Kenali Diri Raih Prestasi
Mendidik Anak Laki-Laki,Adnan Hasan Shalih,Gema Insani Press,9795612689,2007,300,Ilmu Pengetahuan Sosial,75000,1,Mendidik Anak Laki-Laki
Membangun Disiplin dan Kinerja Guru,Achmad Badawi,Al-Wasat Publishing House,9786027626102,2014,300,Ilmu Pengetahuan Sosial,75000,1,Membangun Disiplin dan Kinerja Guru
20 Keajaiban Berfikir Positif,Rudi Kertajaya,Sinar Ilmu,9786021997802,2011,300,Ilmu Pengetahuan Sosial,75000,1,20 Keajaiban Berfikir Positif
Wujudkan Mimpi Anda,Yusuf Al-Uqshari,Gema Insani Press,9795600761,2005,300,Ilmu Pengetahuan Sosial,75000,1,Wujudkan Mimpi Anda
Bahagianya Tuh Disini,Samsul Rahman MA,Jaring Publishing,9786027277106,2015,300,Ilmu Pengetahuan Sosial,75000,1,Bahagianya Tuh Disini
Kabinet Indonesia Bersatu 2 + UUD 1945 & Perubahannya,Redaksi Mata Elang Media,Mata Elang Media,9786028972949,2011,300,Ilmu Pengetahuan Sosial,75000,1,Kabinet Indonesia Bersatu 2 + UUD 1945 & Perubahannya
Wiki Leaks : Situs Paling Berbahaya Di Dunia,Haris Priyatna,Mizan Pustaka,9789794336113,2011,300,Ilmu Pengetahuan Sosial,75000,1,Wiki Leaks : Situs Paling Berbahaya Di Dunia
Model Pembelajaran Numbered Head Together Pada Pembelajaran PPKn,"Hj. Hani Fitriyani, S.Pd",Rumah Belajar Matematika Indonesia,9786235888019,2021,300,Ilmu Pengetahuan Sosial,75000,1,Model Pembelajaran Numbered Head Together Pada Pembelajaran PPKn
Andai Obama Presiden Amerika,Hermawan Aksan,Mizan Pustaka,9789794335260,2009,300,Ilmu Pengetahuan Sosial,75000,1,Andai Obama Presiden Amerika
Menggagas Bisnis Islami,M. Ismail Yusanto,Gema Insani Press,9795617435,2002,300,Ilmu Pengetahuan Sosial,75000,1,Menggagas Bisnis Islami
Istriku Seribu,Emha Ainun Nadjib,Bentang,9786022911173,2015,300,Ilmu Pengetahuan Sosial,75000,1,Istriku Seribu
Karyawan Juga Bisa Kaya,"Ippho Santosa, dkk",Elex Media Komputindo,9786020292588,2017,300,Ilmu Pengetahuan Sosial,75000,1,Karyawan Juga Bisa Kaya
Life Excellent,Reza M. Syarief,Prestasi,9799959527,2006,300,Ilmu Pengetahuan Sosial,75000,1,Life Excellent
Menjadi Pembicara Andal,Yusuf Al-Uqshari,Gema Insani ,979560077X,2006,300,Ilmu Pengetahuan Sosial,75000,1,Menjadi Pembicara Andal
Melejit Dengan Kreatif,Yusuf al-Uqshari,Gema Insani Press,9795619527,2005,300,Ilmu Pengetahuan Sosial,75000,1,Melejit Dengan Kreatif
Imam Shamsi Ali Menebar Damai Di Bumi Barat,Julie Nava,Noura Books,9786021606131,2016,300,Ilmu Pengetahuan Sosial,75000,1,Imam Shamsi Ali Menebar Damai Di Bumi Barat
Inspirasi JK,Husain Abdullah ,PT Mizan Publika,9786021606179,2013,300,Ilmu Pengetahuan Sosial,75000,1,Inspirasi JK
Strategi Jitu Meraih Skor TOEFL600 Dalam 1 Bulan,Yusuf Priyasudiarja,Kaifa Learning,9786027870536,2014,300,Ilmu Pengetahuan Sosial,75000,1,Strategi Jitu Meraih Skor TOEFL600 Dalam 1 Bulan
Panduan Sukses UN SMP/MTs 2018,Tim Presiden Eduka,Genta Smart Publisher,9786026359698,2017,300,Ilmu Pengetahuan Sosial,75000,1,Panduan Sukses UN SMP/MTs 2018
Kupas Tuntas SKL UN ,"Muhammas Amien, Widya Ristanti",Genta Smart Publisher,9786026359605,2017,300,Ilmu Pengetahuan Sosial,75000,1,Kupas Tuntas SKL UN 
Kitab Lengkap EYD,Rahardian Bernando,DIVA Press,9786052791683,2015,400,Bahasa,75000,1,Kitab Lengkap EYD
600 High Frequency Words: A Corpus-Based Dictionary,Ndien Mahbudin,Pustaka Mazaya,9786026968043,2017,400,Bahasa,75000,1,600 High Frequency Words: A Corpus-Based Dictionary
Kamus Gaul Percakapan Bahasa Inggris,Yusup Priyasudiarja & Y. Sri Purwaningsih,Mizan Pustaka,9789791284738,2010,400,Bahasa,75000,1,Kamus Gaul Percakapan Bahasa Inggris
Kamus Ilmiah Populer,Achmad Maulana dkk,Absolute,9793641002,2008,400,Bahasa,75000,1,Kamus Ilmiah Populer
600 High Frequency Words: A Corpus-Based Dictionary,Ndien Mahbudin,Pustaka Mazaya,9786026968043,2017,400,Bahasa,75000,1,600 High Frequency Words: A Corpus-Based Dictionary
Kamus Sinonim Bahasa Inggris,Tim B First,Bentang Pustaka,9786022910213,2014,400,Bahasa,75000,1,Kamus Sinonim Bahasa Inggris
Pintar Membaca Arab Gundul,Agus Purwanto,PT. Mizan Pustaka,9786021337172,2014,400,Bahasa,75000,1,Pintar Membaca Arab Gundul
English For Islamic Learning,"Drs. Kardimin, M. Hum",PT. Mizan Pustaka,9786029255150,2011,400,Bahasa,75000,1,English For Islamic Learning
Kitab Lengkap EYD ,Rahardian Bernando,Diva Press,9786022791683,2015,400,Bahasa,75000,1,Kitab Lengkap EYD 
"My Name, My Vocabulary",Heriyati,PT Bentang Pustaka,9789792438789,2010,400,Bahasa,75000,1,"My Name, My Vocabulary"
Sukses Wawancara dalam Bahasa Inggris,Heriyati,Bentang Pustaka,9786021246191,2015,400,Bahasa,75000,1,Sukses Wawancara dalam Bahasa Inggris
Sukses Presentasi Dalam Bahasa Inggris,Heriyati,PT  Bentang Pustaka,9786021246184,2015,400,Bahasa,75000,1,Sukses Presentasi Dalam Bahasa Inggris
Daily English Conversations At School,Yusup Priyasudiarja,PT Mizan Pustaka,9786020851358,2016,400,Bahasa,75000,1,Daily English Conversations At School
Bahasa Arab Khas Gontor,"Dr. Hisyam Zaini, M.A",Bentang Pustaka,9786027888388,2013,400,Bahasa,75000,1,Bahasa Arab Khas Gontor
Kamus Pintar Bahasa Arab,"Aathifah Pratiwi, S.Pd.I",Pustaka Makmur,9786021658468,2014,400,Bahasa,75000,1,Kamus Pintar Bahasa Arab
"Yuk, Kepoin Bahasa Inggris",Heriyati,Penerbit B first,9786021246122,2015,400,Bahasa,75000,1,"Yuk, Kepoin Bahasa Inggris"
Creating Stories With Children,Andrew Wright,Oxford University Press,9780194372046,1997,400,Bahasa,75000,1,Creating Stories With Children
Kamus Besar Bahasa Indonesia,Tim Penyusun Kamus Pusat Bahasa,Balai Pustaka,979407182X,2002,400,Bahasa,75000,1,Kamus Besar Bahasa Indonesia
Kamus Umum Bahasa Indonesia Edisi Ketiga,W.J.S Poerwadarminta,Balai Pustaka,9796662914,2007,400,Bahasa,75000,1,Kamus Umum Bahasa Indonesia Edisi Ketiga
Revolusi Sehat,"Hiroyuki Kobayashi, M.D., Ph.D.",Kabushikigaisha Sunmark Publishing,9786021637463,2011,500,Sains,75000,1,Revolusi Sehat
Sehat Holistik Secara Alami,Tjok Gde Kerthyasa,"Qanita, Mizan Pustaka",9786029225648,2013,500,Sains,75000,1,Sehat Holistik Secara Alami
Kombinatorik,"Yohanes Surya, Debby Sanjaya",Kandel,9786026878007,2015,500,Sains,75000,1,Kombinatorik
Mekanika,"Yohanes Surya, Debby Sanjaya",Kandel,9786027505964,2015,500,Sains,75000,1,Mekanika
"Zat, Materi, dan Kalor","Tim Prof. Yohanes Surya, ph.D.",PT Kandel,9786027505957,2015,500,Sains,75000,1,"Zat, Materi, dan Kalor"
Math Hacks: Tip Cerdik Matematika,Vanessa Vakharia,Bhuana Ilmu Populer,9786230408472,2018,500,Sains,75000,1,Math Hacks: Tip Cerdik Matematika
Deadly Mist,Jerry D. Gray,Sinergi Publishing,9789799898791,2010,500,Sains,75000,1,Deadly Mist
Green For Life,Ade Kumalasari,B First,9786021246474,2015,500,Sains,75000,1,Green For Life
Ingin Sehat?,"Majdi Muhammad Asy Syahawi, M.Hidayatullah",Gema Insani Press,9789790772540,2011,500,Sains,75000,1,Ingin Sehat?
Kamus Lengkap Biologi,"Dr. Abdul Kahfi Assidig, M.Mc.",Panji Pustaka,9791606315,2008,500,Sains,75000,1,Kamus Lengkap Biologi
Kamus Lengkap Fisika ,Bisri Mustofa,Panji Pustaka,9789781606960,2010,500,Sains,75000,1,Kamus Lengkap Fisika 
Mengenal Laut,Beni S. Ambarjaya,Penerbit Putra Setia,1234567890125,2008,500,Sains,75000,1,Mengenal Laut
Aljabar Linear,"Seymour Lipschutz, Marc Lars Lipson, Julian Gressando",Erlangga,9789797415020,2002,500,Sains,75000,1,Aljabar Linear
Biologi Molekuler Dan Sel,"William D,Stanfield, Jaime S.Colome, Raul J.Cano, Varian Fahmi",Erlangga,9789797811914,2003,500,Sains,75000,1,Biologi Molekuler Dan Sel
Langkah Awal Menuju Ke Olimpiade Matematika,Wono Setya Budhi,Ricardo,9799817501,2005,500,Sains,75000,1,Langkah Awal Menuju Ke Olimpiade Matematika
Intisari Matematika,Amir Tjolleng,PT. Bhuana Ilmu Populer,9786230406539,2021,500,Sains,75000,1,Intisari Matematika
Kamus Lengkap Biologi,"Dr. Abdul Kahfi Assidig, M.Mc.",Panji Pustaka,9791606315,2008,500,Sains,75000,1,Kamus Lengkap Biologi
Jauhi Penyakit Dengan Makanan Mentah,"Prof. Dr.Hwang Sung -joo,M.D., ph.D.",PT Mizan Pustaka,9786021637609,2013,500,Sains,75000,1,Jauhi Penyakit Dengan Makanan Mentah
Save Your Life : Mengatasi 9 Penyakit Paling Mematikan,"Prof. Michael Kidd & Prof. Leanna Rowe, Rani Ekawati",Noura Books,9786021606421,2014,500,Sains,75000,1,Save Your Life : Mengatasi 9 Penyakit Paling Mematikan
The Miracle Of Cells: Rahasia Kehidupan dan Kecerdikan sel,Lewis Wolpert,Mizan Pustaka,9786028579674,2011,500,Sains,75000,1,The Miracle Of Cells: Rahasia Kehidupan dan Kecerdikan sel
9 Langkah Sehat Tanpa Dokter,Dr. Rashid A.Buttar LCC,"Qanita, Mizan Pustaka",9786021637180,2014,500,Sains,75000,1,9 Langkah Sehat Tanpa Dokter
Siap Jadi Juara Olimpiade Sains Nasional Biologi SMP,Tim Pustaka Cerdas,Pustaka Baru Press,9786020874425,2026,500,Sains,75000,1,Siap Jadi Juara Olimpiade Sains Nasional Biologi SMP
Langkah Revolusioner Sembuh Dari Asma,Richard N. Firshein ,Penerbit B-First,9789792438727,2010,500,Sains,75000,1,Langkah Revolusioner Sembuh Dari Asma
Biokimia,Philip Kuchel & Gregory B. Ralston,Penerbit Erlangga,9797812405,2006,500,Sains,75000,1,Biokimia
Obati Dirimu Dengan Al-Qur'an,"Abdeddaem Kaheel, Moh Syairozi",Iniperbasa,9786027231207,2015,500,Sains,75000,1,Obati Dirimu Dengan Al-Qur'an
Kitab Sehat MAYO CLINIC,"Mayo Clinic, Ns. Pamilih Eko Karyuni","Noura Books, Mizan Publika",9786027816879,2013,500,Sains,75000,1,Kitab Sehat MAYO CLINIC
Sembuh Dari Kanker dengan Berolahraga,Kwan Sik Seo & Ho Chyun Coi,PT. Mizan Pustaka,9786024020309,2016,500,Sains,75000,1,Sembuh Dari Kanker dengan Berolahraga
Makan Sayur Seasyik Bermain,Dyah Pratitasari,PT Bentang Pustaka,9789792438871,2010,500,Sains,75000,1,Makan Sayur Seasyik Bermain
Islam dan Sains Modern,Nidhal Guessoum,Mizan Pustaka,9789794338445,2014,500,Sains,75000,1,Islam dan Sains Modern
Gaya Hidup Organik,William W Wongso,Mizan Pustaka,9786021637036,2013,500,Sains,75000,1,Gaya Hidup Organik
Menjadi Cantik Dalam 2 Minggu Dengan Air Putih,Yoo Taiwoo,Mizan Pustaka,9786021637630,2013,500,Sains,75000,1,Menjadi Cantik Dalam 2 Minggu Dengan Air Putih
Konsep Fisika Modern,Arthur Beiser,Erlangga,21000179,1987,500,Sains,75000,1,Konsep Fisika Modern
Menjadi Remaja Sehat: Panduan Remaja Dan Orang Tua Untuk Kesehatan Usia Puber,Rani Sundari Ekawati,Penerbit Qanita,9786029225402,2012,500,Sains,75000,1,Menjadi Remaja Sehat: Panduan Remaja Dan Orang Tua Untuk Kesehatan Usia Puber
Blak-blakan Kanker Payudara,"dr. Monty P. Soemitro, Sp. B(K) Onk., M. Kes-FINACS",PT Mizan Pustaka,9786029225570,2012,500,Sains,75000,1,Blak-blakan Kanker Payudara
Langkah Awal Menuju Ke Olimpiade Matematika,Wono Setya Budhi,Ricardo,9799817501,2005,500,Sains,75000,1,Langkah Awal Menuju Ke Olimpiade Matematika
Kupas Tuntas Matematika Keuangan Dengan MS Excel,Johar Arifin,Elex Media Komputindo,9786020278797,2016,500,Sains,75000,1,Kupas Tuntas Matematika Keuangan Dengan MS Excel
Pembelajaran Tematik Terpadu,"Dr. Rusman, M.Pd.",Rajagrafindo Persada,9789797698454,2015,500,Sains,75000,1,Pembelajaran Tematik Terpadu
Pendekatan Ilmiah Dalam Implementasi Kurikulum 2013,"Abdul Majid, Chaerul Rochman",Remaja Rosdakarya,9789796925810,2014,500,Sains,75000,1,Pendekatan Ilmiah Dalam Implementasi Kurikulum 2013
Ensiklopedi Sains Dan Kehidupan,"Suroso AY, Anna P, Kardiawarman",Tarity Samudra Berlian,9798855051,2003,500,Sains,75000,1,Ensiklopedi Sains Dan Kehidupan
Matematika: BAHAN PENYERTA Siaran Televisi Edukasi untuk siswa,"Yeni Husnaeni,dkk",Pusat Teknologi Informasi dan Komunikasi Pendidikan Departemen Pendidikan Nasional,9789793322131,2007,500,Sains,75000,1,Matematika: BAHAN PENYERTA Siaran Televisi Edukasi untuk siswa
Matematika: BAHAN PENYERTA Siaran Televisi Edukasi untuk guru,"Yeni Husnaeni,dkk",Pusat Teknologi Informasi dan Komunikasi Pendidikan Departemen Pendidikan Nasional,9789793322148,2007,500,Sains,75000,1,Matematika: BAHAN PENYERTA Siaran Televisi Edukasi untuk guru
Pengajaran Matematika:Kurikulum Inti Bersama,"Harvey F.Silver, dkk",PT Indeks,9789790620216,2013,500,Sains,75000,1,Pengajaran Matematika:Kurikulum Inti Bersama
Ensiklopedi Matematika untuk SLTP,"DR.Wahyudin, Drs,M.Pd",Tarity Samudra Berlian,9798855078,2003,500,Sains,75000,1,Ensiklopedi Matematika untuk SLTP
Ensiklopedia IPA Jilid 4,"Joanne Long, Claire Naylor, Anis Apriliawati",Lentera Abadi,9789793535623,2009,500,Sains,75000,1,Ensiklopedia IPA Jilid 4
Ensiklopedia IPA Jilid 5,"Joanne Long, Claire Naylor, Anis Apriliawati",Lentera Abadi,9789793535630,2009,500,Sains,75000,1,Ensiklopedia IPA Jilid 5
Ensiklopedia IPA Percobaan Sains Jilid 2,"Nita Sudarjo, Ina Suryono",Lentera Abadi,9789793535661,2009,500,Sains,75000,1,Ensiklopedia IPA Percobaan Sains Jilid 2
Ensiklopedia Sains Dan Teknologi Jilid 1,"Simon Murrel, Anis Apriliawati, Yohanes Agustono",Lentera Abadi,9789793535340,2016,500,Sains,75000,1,Ensiklopedia Sains Dan Teknologi Jilid 1
Ensiklopedia Matematika Jilid 2,"A. Ismunamto, S.Pd.",Lentera Abadi,9786029083026,2011,500,Sains,75000,1,Ensiklopedia Matematika Jilid 2
Ensiklopedia Matematika Jilid 3,"A. Ismunamto, S.Pd.",Lentera Abadi,9786029083033,2011,500,Sains,75000,1,Ensiklopedia Matematika Jilid 3
Ensiklopedia Matematika Jilid 4,"A. Ismunamto, S.Pd.",Lentera Abadi,9786029083040,2011,500,Sains,75000,1,Ensiklopedia Matematika Jilid 4
Ensiklopedia Matematika Jilid 5,"A. Ismunamto, S.Pd.",Lentera Abadi,9786029083057,2011,500,Sains,75000,1,Ensiklopedia Matematika Jilid 5
Ensiklopedia Matematika Jilid 6,"A. Ismunamto, S.Pd.",Lentera Abadi,9786029083064,2011,500,Sains,75000,1,Ensiklopedia Matematika Jilid 6
Ensiklopedia Matematika Jilid 7,"A. Ismunamto, S.Pd.",Lentera Abadi,9786029083071,2011,500,Sains,75000,1,Ensiklopedia Matematika Jilid 7
Ensiklopedia Matematika Jilid 8,"A. Ismunamto, S.Pd.",Lentera Abadi,9786029083088,2011,500,Sains,75000,1,Ensiklopedia Matematika Jilid 8
Gratis Keliling Indonesia & Belajar di luar Negri karena Blog,Nonadita,Mizan Media Utama,9786028864053,2010,600,Teknologi,75000,1,Gratis Keliling Indonesia & Belajar di luar Negri karena Blog
Trik Rahasia Mendapat 1.000.000 Hits Di Google,Feri Sulianta,Elex Media Komputindo,9786020229300,2014,600,Teknologi,75000,1,Trik Rahasia Mendapat 1.000.000 Hits Di Google
Why Samsung,"Koh Seung Hee, Pradipta Nurmaya, Rencidipta",Bentang Pustaka,9786027888586,2013,600,Teknologi,75000,1,Why Samsung
Panduan Dasar SPSS,Edy Winarno ST dkk,Elex Media Komputindo,9786020265568,2015,600,Teknologi,75000,1,Panduan Dasar SPSS
250+ PowerTips Seputar Internet,Christopher Lee,Elex Media Komputindo,9786020270173,2015,600,Teknologi,75000,1,250+ PowerTips Seputar Internet
Blogging: Have Fun and get the Money,Carolina Ratri,Stiletto Book,9786027572447,2015,600,Teknologi,75000,1,Blogging: Have Fun and get the Money
Toko Online Modern,Jubille Enterprise,PT. Elex Media Komputindo,9786020206394,2013,600,Teknologi,75000,1,Toko Online Modern
Aplikasi Excel untuk Perhitungan Keuangan Syariah,Wahana Komputer,Andi Offset,9789792952681,2016,600,Teknologi,75000,1,Aplikasi Excel untuk Perhitungan Keuangan Syariah
MS Excel untuk Pembukuan dan Akuntasi,Jubilee Enterprise,Elex Media Komputindo,9786020433400,2017,600,Teknologi,75000,1,MS Excel untuk Pembukuan dan Akuntasi
100 Tip & Trik Microsoft PowerPoint 2013,MADCOMS,Andi Offset,9789792950052,2014,600,Teknologi,75000,1,100 Tip & Trik Microsoft PowerPoint 2013
Powering Your Microblogs,Toniy Hendroyono,PT. Mizan Publika,9789793714691,2010,600,Teknologi,75000,1,Powering Your Microblogs
Cara Mudah Membuat Media Pembelajarab Game Kuis,"Drs. Widada, M.Kom & Bekti Wulansari, S.Pd",Penerbit Gava Media,9786027869646,2015,600,Teknologi,75000,1,Cara Mudah Membuat Media Pembelajarab Game Kuis
Trik RAB Menggunakan MS Excel ,Jubilee Enterprise,Elex Media Komputindo,9786020267197,2015,600,Teknologi,75000,1,Trik RAB Menggunakan MS Excel 
Membuat Toko Online Hanya dengan 1 Jam dengan WordPress,Ahya Udin,Andi Offset,9789792952827,2015,600,Teknologi,75000,1,Membuat Toko Online Hanya dengan 1 Jam dengan WordPress
Grafik dan Animasi Profesional PowerPoint,"Edy Winarno ST, M.Eng",Elex Media Komputindo,9786020271798,2015,600,Teknologi,75000,1,Grafik dan Animasi Profesional PowerPoint
3 In 1 Microsoft Office 2013,Matius Tomy Suryadi,Andi Offset,9789792947946,2015,600,Teknologi,75000,1,3 In 1 Microsoft Office 2013
The New Digital Age,"Eric Schmidt,Jared Cohen, Selviya Hanna",Gramedia,9789799107598,2014,600,Teknologi,75000,1,The New Digital Age
155 Tip & Trik MS Office Untuk Semua Kalangan,Jubilee Enterprise,Elex Media Komputindo,9786020245614,2014,600,Teknologi,75000,1,155 Tip & Trik MS Office Untuk Semua Kalangan
Smart Business Mengasah Ketajaman Naluri Bisnis,Reza M. Syarief,Prestasi,9789799959164,2008,600,Teknologi,75000,1,Smart Business Mengasah Ketajaman Naluri Bisnis
Trik Solusi Bisnis Praktis dengan Excel,Jubilee Enterprise,Elex Media Komputindo,9786020258546,2015,600,Teknologi,75000,1,Trik Solusi Bisnis Praktis dengan Excel
Transaksi Online Dalam dan Luar Negeri,Feri Sulianta,Elex Media Komputindo,9786020241913,2014,600,Teknologi,75000,1,Transaksi Online Dalam dan Luar Negeri
Kupas Tuntas Teknologi Virtualisasi,Efrizal Zaida,Penerbit Andi,9789792921649,2013,600,Teknologi,75000,1,Kupas Tuntas Teknologi Virtualisasi
Cara Lain Membuat Presentasi Menarik dan Canggih,Jasmadi Tim EMS,Elex Media Komputindo,9786020260730,2015,600,Teknologi,75000,1,Cara Lain Membuat Presentasi Menarik dan Canggih
24 Jam Punya Blog dan Toko Online Pakai Wordpress,Jubilee Enterprise,Elex Media Komputindo,9786020260495,2015,600,Teknologi,75000,1,24 Jam Punya Blog dan Toko Online Pakai Wordpress
Kupas Tips dan Trik Tersembunyi Microsoft Office 2013,Andrea Adelheid,MediaKom,9789798774010,2014,600,Teknologi,75000,1,Kupas Tips dan Trik Tersembunyi Microsoft Office 2013
Trik Membuat Toko Online,Jubilee Enterprise,Elex Media Komputindo,9786020262321,2015,600,Teknologi,75000,1,Trik Membuat Toko Online
Buku Sakti Formula dan Fungsi Excel 2007-2013,Adi Kusrianto,Elex Media Komputindo,9786020271675,2015,600,Teknologi,75000,1,Buku Sakti Formula dan Fungsi Excel 2007-2013
@Blog dokter,Dr. I Made C.Wirawan,Noura Books,9786021606735,2014,600,Teknologi,75000,1,@Blog dokter
Mengubah Dunia Bareng-Bareng,Ridwan Kamil,"Kaifa, Mizan Pustaka",9786027870857,2015,600,Teknologi,75000,1,Mengubah Dunia Bareng-Bareng
Cara Cepat Menyelesaikan Pekerjaan Dengan Excel,Yudhy Wicaksono & Solusi Kantor,PT Elex Media Komputindo,9786020280097,2016,600,Teknologi,75000,1,Cara Cepat Menyelesaikan Pekerjaan Dengan Excel
Photoshop untuk Pekerjaan Kantoran,Hasto Suprayoogo,PT Elex Media Komputindo,9786020279992,2016,600,Teknologi,75000,1,Photoshop untuk Pekerjaan Kantoran
Android For Online Business,Wahana Komputer,PT Elex Media Komputindo,9786020209166,2013,600,Teknologi,75000,1,Android For Online Business
Cara Aktif Memebuat CD Interaktif,Ahmad Musyaffak,PT Elex Media Komputindo,9786020247809,2014,600,Teknologi,75000,1,Cara Aktif Memebuat CD Interaktif
Internet Untuk Guru Dan Siswa ,Jubilee Enterprise,PT Elex Media Komputindo,9786020269962,2015,600,Teknologi,75000,1,Internet Untuk Guru Dan Siswa 
Trik Presentasi Chart Dengan Powerpoint & Exel,Jubilee Enterprise,PT Elex Media Komputindo,9786020240954,2014,600,Teknologi,75000,1,Trik Presentasi Chart Dengan Powerpoint & Exel
Mendidik Anak Di Era Digital ,Yee-Jin Shin,PT Mizan Publika ,9786021306253,2014,600,Teknologi,75000,1,Mendidik Anak Di Era Digital 
Let's Get Digital,Fary SJ Oroh,PT Elex Media Komputindo,9786020258881,2015,600,Teknologi,75000,1,Let's Get Digital
Cara Pintar Menembus Pasar,Djati Sutomo,Republika Penerbit,979321063x,2006,600,Teknologi,75000,1,Cara Pintar Menembus Pasar
Excel In Math,"Tri Kuswohadi,S.Pd",Prestasi Pustaka,9792410945,2006,600,Teknologi,75000,1,Excel In Math
Bloger Untuk Pemula ,Ricky Rachmanto & Grafisku Studio,PT Elex Media Komputindo,9786020264431,2015,600,Teknologi,75000,1,Bloger Untuk Pemula 
Kiat Dahsyat Membangun Usaha Online dari Nol,"Feri Sulianta, S.T., M.T.",PT Elex Media Komputindo,9786020275703,2015,600,Teknologi,75000,1,Kiat Dahsyat Membangun Usaha Online dari Nol
Mahir Vlookup,Adib Mubarrok,Elex Media Komputindo,9786020421346,2017,600,Teknologi,75000,1,Mahir Vlookup
Keajaiban Sosial Media,Feri Sulianta,PT Elex Media Komputindo,9786020262895,2015,600,Teknologi,75000,1,Keajaiban Sosial Media
 Dakwah Online,Fadil Ibnu Ahmad,PT. Mizan Pustaka,9786029255942,2014,600,Teknologi,75000,1, Dakwah Online
Kupas Tuntas Data Penelitian dengan SPSS 22,Getut Pramesti,PT. Elex Media Komputindo,9786020255415,2015,600,Teknologi,75000,1,Kupas Tuntas Data Penelitian dengan SPSS 22
Membuat Web Profil Sekolah + PPDB Online,Agus Hariyanto,CV. Lokomedia,9786027190511,2015,600,Teknologi,75000,1,Membuat Web Profil Sekolah + PPDB Online
Perfeeksionisme Dan Faalangst,"Julia Maria Van Tiel, Johan Flores Van Tiel",Prenadamedia Group,9789793464992,2015,600,Teknologi,75000,1,Perfeeksionisme Dan Faalangst
Apliksi Smartphone Untuk Bisnis,Taufik Hidayat,PT. Transmedia ,9797944484,2014,600,Teknologi,75000,1,Apliksi Smartphone Untuk Bisnis
"116 Strategi Kuasai Excel 2007, 2010, 2013","Hamdan Lugina Jaya, S.Pd",PT. Elex Media Komputindo,9786020253169,2013,600,Teknologi,75000,1,"116 Strategi Kuasai Excel 2007, 2010, 2013"
Cara Cepat Membuat Segala Jenis Website,Andrea Adelheid,PT Elex Media Komputindo,9786020253510,2013,600,Teknologi,75000,1,Cara Cepat Membuat Segala Jenis Website
1 Juta Rupiah Pertama Anda dari twitter,Jefferly Helianthusonfri,Elex Media Komputindo,9786020252216,2014,600,Teknologi,75000,1,1 Juta Rupiah Pertama Anda dari twitter
Kaya Lewat Terjemahan,Silvester Goridus Sukur,Qanita,9789793269986,2009,600,Teknologi,75000,1,Kaya Lewat Terjemahan
Belajar Statistika dari Nol dengan SPSS,"Edy Winarto, Ali Zaki, SmitDev Community",Kompas Gramedia,9786020231303,2014,600,Teknologi,75000,1,Belajar Statistika dari Nol dengan SPSS
SPSS Untuk Pemula,Jubilee Enterprise,PT Elex Media Komputindo,9786020251844,2014,600,Teknologi,75000,1,SPSS Untuk Pemula
Asiknya Membuat Game 2D,Nanda Prasetyo,Elex Media Komputindo,9786020252810,2014,600,Teknologi,75000,1,Asiknya Membuat Game 2D
Amazing Slide #miniMAX,Dhony Firmansyah,PT Gramedia Pustaka Utama,9786020320298,2015,600,Teknologi,75000,1,Amazing Slide #miniMAX
Teknologi Komunikasi & Informasi Pembelajaran,"Prof. Dr. Hamzah B. Uno, M.Pd. Dan Nina Lamatenggo, S.E., M.Pd.",PT Bumi Aksara,9789790105683,2010,600,Teknologi,75000,1,Teknologi Komunikasi & Informasi Pembelajaran
Ensiklopedia Iptek Jilid 1,"The Kingfisher, Tim Penerbit Lentera Abadi",Lentera Abadi,9793535016,2004,600,Teknologi,75000,1,Ensiklopedia Iptek Jilid 1
Ensiklopedia Iptek Jilid 2,"The Kingfisher, Tim Penerbit Lentera Abadi",Lentera Abadi,9793535024,2004,600,Teknologi,75000,1,Ensiklopedia Iptek Jilid 2
Ensiklopedia Iptek Jilid 3,"The Kingfisher, Tim Penerbit Lentera Abadi",Lentera Abadi,9793535032,2004,600,Teknologi,75000,1,Ensiklopedia Iptek Jilid 3
Ensiklopedia Iptek Jilid 4,"The Kingfisher, Tim Penerbit Lentera Abadi",Lentera Abadi,9793535040,2004,600,Teknologi,75000,1,Ensiklopedia Iptek Jilid 4
Ensiklopedia Iptek Jilid 5,"The Kingfisher, Tim Penerbit Lentera Abadi",Lentera Abadi,9793535059,2004,600,Teknologi,75000,1,Ensiklopedia Iptek Jilid 5
Muatan Lokal Ensiklopedia Iptek Jilid 6,"Dody Hidayat, Imam Firdaus",Lentera Abadi,9793535075,2004,600,Teknologi,75000,1,Muatan Lokal Ensiklopedia Iptek Jilid 6
Muatan Lokal Ensiklopedia Iptek Jilid 7,"Dody Hidayat, Imam Firdaus",Lentera Abadi,9793535083,2004,600,Teknologi,75000,1,Muatan Lokal Ensiklopedia Iptek Jilid 7
Muatan Lokal Ensiklopedia Iptek Jilid 8,"Dody Hidayat, Imam Firdaus",Lentera Abadi,9793535091,2004,600,Teknologi,75000,1,Muatan Lokal Ensiklopedia Iptek Jilid 8
Menjahit Kerudung Cantik,"Rida ""Ridcoll""",Kriya Pustaka,9786022130123,2014,700,Kesenian dan Rekreasi,75000,1,Menjahit Kerudung Cantik
40 Seni Manajemen Kelas ,Lubis Grafura dkk,Ar-Ruzz Media,9786023130542,2016,700,Kesenian dan Rekreasi,75000,1,40 Seni Manajemen Kelas 
Permainan Angka Untuk Kecerdasan Matematika Anak,"Heru Kurniawan, Titi Anisatul Laely",Laksana kidz,9786022559160,2015,700,Kesenian dan Rekreasi,75000,1,Permainan Angka Untuk Kecerdasan Matematika Anak
Kreasi Serba Stiker,Hanna Paluzi,Tiga Serangkai Pustaka Mandiri,9789790459168,2010,700,Kesenian dan Rekreasi,75000,1,Kreasi Serba Stiker
Kreasi Daur Ulang Membuat Kertas,Hanna Paluzi,Tiga Serangkai Pustaka Mandiri,9789790181267,2007,700,Kesenian dan Rekreasi,75000,1,Kreasi Daur Ulang Membuat Kertas
Kreasi dari Tutup Botol,Indah Apsari,Tiara Aksa,9786021656129,2014,700,Kesenian dan Rekreasi,75000,1,Kreasi dari Tutup Botol
Kreasi Feltie Hutan,Sarah Skeate,Tiga Ananda,9786022572916,2013,700,Kesenian dan Rekreasi,75000,1,Kreasi Feltie Hutan
Inspirasi Suvenir Cantik,"Elisa, Andie",GentaCraft,9786021431917,2013,700,Kesenian dan Rekreasi,75000,1,Inspirasi Suvenir Cantik
Boneka Rajut Amigurumi,"Neni Y.Nurhadiyat, Sherly A. Suherman",Dunia Kreasi,9786027991019,2013,700,Kesenian dan Rekreasi,75000,1,Boneka Rajut Amigurumi
Asiknya Mengolah Sampah Kertas Menjadi Mainan Edukatif,Herlita Jayadianti,Bentara Cipta Prima,9790202997,2011,700,Kesenian dan Rekreasi,75000,1,Asiknya Mengolah Sampah Kertas Menjadi Mainan Edukatif
Suvenir Cantik Dari Handuk,Nunung & Dewi,PT AgroMedia Pustaka,9791471800,2009,700,Kesenian dan Rekreasi,75000,1,Suvenir Cantik Dari Handuk
Keterampilan Menghias Kain Ragam Teknik Menghias Kain dan Menyulam,Wasia Roesbani Pulukadang,Penerbit Angkasa,9789796655501,2007,700,Kesenian dan Rekreasi,75000,1,Keterampilan Menghias Kain Ragam Teknik Menghias Kain dan Menyulam
Membuat Aneka Perhiasan dari Manik-manik,Dini Lestari S.sn,Demedia Pustaka,9791471452,2008,700,Kesenian dan Rekreasi,75000,1,Membuat Aneka Perhiasan dari Manik-manik
Paper Quilling Panduan Berkreasi dan Berbisnis,Brinalloy Yuli,KDT,9786029212433,2012,700,Kesenian dan Rekreasi,75000,1,Paper Quilling Panduan Berkreasi dan Berbisnis
32 Aksesori Pita Seri Binatang,Lily ,Trubus Agri sarana,9786029186376,2012,700,Kesenian dan Rekreasi,75000,1,32 Aksesori Pita Seri Binatang
Terampil Membuat 39 Kreasi Karetu Ucapan Cantik,Iva Hardiana,Gramedia Pustaka Utama,9789792238839,2009,700,Kesenian dan Rekreasi,75000,1,Terampil Membuat 39 Kreasi Karetu Ucapan Cantik
Aplikasi Tatting ,Yuniar Wibowo,Tiara Aksa (PT Trubus Agrisarana),9786029186543,2012,700,Kesenian dan Rekreasi,75000,1,Aplikasi Tatting 
Inspirasi Macrame,Indah Asriyani,Tiara Aksa (PT Trubus Agrisarana),9786029186840,2013,700,Kesenian dan Rekreasi,75000,1,Inspirasi Macrame
Passhion,Ria Niranda,Bentang Pustaka,9786021246016,2014,700,Kesenian dan Rekreasi,75000,1,Passhion
Kreasi Sulam Apik Melukis Dengan Jarum & Benang,Ira dhayani Indira,Ria Pustaka,9786028453165,2012,700,Kesenian dan Rekreasi,75000,1,Kreasi Sulam Apik Melukis Dengan Jarum & Benang
Jakarta Dalam Ekspresi Warna & Garis,Amran Eko Prawoto,Rajawali Penta Grafita,1234567890125,2012,700,Kesenian dan Rekreasi,75000,1,Jakarta Dalam Ekspresi Warna & Garis
Hijab Syar'I For Daily & Traveling,Indadari Mindrayanti,PT Mizan Publika ,9786027816992,2013,700,Kesenian dan Rekreasi,75000,1,Hijab Syar'I For Daily & Traveling
212 Cinta Menggerakkan Segala,"Helvy Tiana Rosa, Benny Arnas",Republika,9786025734151,2018,800,Sastra,75000,1,212 Cinta Menggerakkan Segala
Wali Sanga,Damar Shashangka,Penerbit Dolphin,9789791611084,2012,800,Sastra,75000,1,Wali Sanga
Saat Cinta Datang Belum Pada Waktunya,Ari Pusparini,Pro-U Media,9791273499,2009,800,Sastra,75000,1,Saat Cinta Datang Belum Pada Waktunya
My Life as : Actor ,Haqi Achmad,Plot Point,9786029481037,2012,800,Sastra,75000,1,My Life as : Actor 
Diary Persahabatan,Nabilah Izzati Zahirah,DAR! Mizan,9786024204358,2017,800,Sastra,75000,1,Diary Persahabatan
Komik Persatuan Ibu-ibu,Puty Puar,Penerbit Bentang Komik,9786024302818,2018,800,Sastra,75000,1,Komik Persatuan Ibu-ibu
My Last Love ,Agnes Davonar,Inandra Published,9789791834650,2010,800,Sastra,75000,1,My Last Love 
Cinta Bersemi di Negeri Sakura,Prudensy Opit,Andi Offset,9789792913071,2010,800,Sastra,75000,1,Cinta Bersemi di Negeri Sakura
Ken Arok,Saini K.M.,Balai Pustaka,979407036X,2001,800,Sastra,75000,1,Ken Arok
Ghuffron,Humam S. Chudori,Penerbit Republika,9789791102346,2008,800,Sastra,75000,1,Ghuffron
The Vanilla Heart,Indah Hanaco,Bentang Pustaka,9786027888470,2013,800,Sastra,75000,1,The Vanilla Heart
Syekh Siti Jenar,Achmad Chodim,Serambi Ilmu Semesta,9793335246,2010,800,Sastra,75000,1,Syekh Siti Jenar
4 Ginjal di Tubuhku,Basyirah Nasution,"Qanita, Mizan Pustaka",9786021637319,2014,800,Sastra,75000,1,4 Ginjal di Tubuhku
Pudarnya Pesona Cleopatra,Habiburrahman El-Shirazy,Penerbit Republika,979360400X,2005,800,Sastra,75000,1,Pudarnya Pesona Cleopatra
Peduli Lingkungan,Hamid Alhadad,"Expose, Mizan Publika",9786027829312,2015,800,Sastra,75000,1,Peduli Lingkungan
Behind Tne Closed Door,Arnis Silvia,Mahima Institute Indonesia,9786026106353,2017,800,Sastra,75000,1,Behind Tne Closed Door
The Udik Girl,"Afin Yulia, dkk.",Andi Offset,9789792951257,2015,800,Sastra,75000,1,The Udik Girl
This Is Not Just Alvin,Alvin Adam,"Kaifa, Mizan Pustaka",9786027870253,2013,800,Sastra,75000,1,This Is Not Just Alvin
"Tentang  Ibu, Sahabat dan Aku",Sean Hasyim,Zettu,9786027999671,2013,800,Sastra,75000,1,"Tentang  Ibu, Sahabat dan Aku"
Starlight,Annisa Odi,Laksana,9786027933774,2013,800,Sastra,75000,1,Starlight
Business Girl,Dyah Apriliani K.,Mizan Pustaka,9786022426912,2016,800,Sastra,75000,1,Business Girl
Daydreamer's Dream,Maharani Rasyida,DAR! Mizan,9786022423652,2014,800,Sastra,75000,1,Daydreamer's Dream
Melankolia Ninna,Robin Wijaya,PT Falcon,9786026051417,2016,800,Sastra,75000,1,Melankolia Ninna
Semester Terakhir,Anak S-E-N,Sheila,9789792940886,2013,800,Sastra,75000,1,Semester Terakhir
Tekad,Wahyudi Pratama,Bukune Kreatif Cipta,9786024244,2021,800,Sastra,75000,1,Tekad
A Dreamer and The Hard Life,Sinar Kasih Mentari,DAR! Mizan,9786022425557,2014,800,Sastra,75000,1,A Dreamer and The Hard Life
Brisbane : Pesan Cinta Terhalang,Leyla Hana,Mizan Pustaka,9786022424925,2014,800,Sastra,75000,1,Brisbane : Pesan Cinta Terhalang
April Snow,"Hyung-kyung Kim, Pradita Nurmaya",Bentang Pustaka,9786028811972,2012,800,Sastra,75000,1,April Snow
Bunga Bunga Biru,Afifah Afra Amatullah,Gema Insani,9795618903,2004,800,Sastra,75000,1,Bunga Bunga Biru
Al-Qur'an Braille Untuk Nadia,Suliwe,Gema Insani,9789790772458,2011,800,Sastra,75000,1,Al-Qur'an Braille Untuk Nadia
Anak-anak Merapi 2,Bambang Joko Susilo,Republika Penerbit,9786028997870,2011,800,Sastra,75000,1,Anak-anak Merapi 2
Dandelion Lover,Fahrul Khakim,CV. Andi Offset,9789792951264,2015,800,Sastra,75000,1,Dandelion Lover
Kukila,M. Aan Mansyur,Gramedia Pustaka Utama,9786020321813,2012,800,Sastra,75000,1,Kukila
Muallaf,John Michaelson,Gramedia Pustaka Utama,9786020306506,2014,800,Sastra,75000,1,Muallaf
Sang Juara,Al Kadri Johan,Republika Penerbit,9786020822327,2016,800,Sastra,75000,1,Sang Juara
Akhir Petualangan OSAMA Melawan Amerika,"Ahmad Dumhyathi Bashori, M.A",PT Mizan Pustaka,9789794336328,2011,800,Sastra,75000,1,Akhir Petualangan OSAMA Melawan Amerika
Bidadari Berbisik,Asma Nadia,Republika Penerbit,9786237458494,2020,800,Sastra,75000,1,Bidadari Berbisik
Buya Hamka: Sebuah Novel Biografi,A. Fuadi,PT Falcon,9786026714732,2021,800,Sastra,75000,1,Buya Hamka: Sebuah Novel Biografi
Balada Cinta Di Tanah Bencana,Erlin Cahyadi,Sheila (Penerbit ANDI),9789792925050,2011,800,Sastra,75000,1,Balada Cinta Di Tanah Bencana
Ignite Me,Tahereh Mafi,Mizan Pustaka,9789794338575,2015,800,Sastra,75000,1,Ignite Me
Gilad Atzmon: Catatan Kritikal Tentang Palestina,Ahmad Syafii Maarif,Mizan Pustaka,97897994336861,2012,800,Sastra,75000,1,Gilad Atzmon: Catatan Kritikal Tentang Palestina
Patah Hati di Tanah Suci,Tasaro GK,Penerbit Bentang (PT Bentang Pustaka),9786022914112,2018,800,Sastra,75000,1,Patah Hati di Tanah Suci
"Mama, Aku Lulus",Chairul Wisal & Laura Halida,Republika Penerbit,9786028997461,2012,800,Sastra,75000,1,"Mama, Aku Lulus"
Hot Seat,Nabilla Anasty,PT. Mizan Pustaka,9786024200886,2016,800,Sastra,75000,1,Hot Seat
Hana dan Piano La,Firda Amelia Noor,DAR! Mizan,9786022426776,2015,800,Sastra,75000,1,Hana dan Piano La
Fantasteen: Absolute Zero,Fauzi Maulana Hakim,DAR Mizan,9786022422518,2014,800,Sastra,75000,1,Fantasteen: Absolute Zero
Peron Tiga Belas,"Laksita Judith, Raihan Khairunnisa",DAR Mizan,978602242782,2015,800,Sastra,75000,1,Peron Tiga Belas
Fun Gowes Misteri Uang Palsu,Firma Sutan,DAR Mizan,9789790669147,2012,800,Sastra,75000,1,Fun Gowes Misteri Uang Palsu
Atheis,Achdiat K. Mihardja,Balai Pustaka,9794071854,2003,800,Sastra,75000,1,Atheis
Lara Miya,Erlin Natawiria,PT. Falcon ,9786026051431,2016,800,Sastra,75000,1,Lara Miya
Pangeran Langit,Aveus Har,Sheila (Penerbit ANDI),9789792917291,2010,800,Sastra,75000,1,Pangeran Langit
Sekeping Hati,Eriska Febriani,Kata Depan,97960029475794,2017,800,Sastra,75000,1,Sekeping Hati
Critical Eleven,Ika Natassa,Gramedia Pustaka Utama,9786020318929,2015,800,Sastra,75000,1,Critical Eleven
Mummy,Rara,DAR! Mizan,9789790666764,2011,800,Sastra,75000,1,Mummy
The Naked Traveler Anthology,"Trinity, dkk",Bentang Pustaka,9786021246054,2014,800,Sastra,75000,1,The Naked Traveler Anthology
Negeri Sukun,Ahmad Fuady,Republika,9789791102490,2009,800,Sastra,75000,1,Negeri Sukun
Kujemput Engkau Di Sepertiga Malam,Peggy Melati Sukma,Mizan Pustaka,9786021606933,2014,800,Sastra,75000,1,Kujemput Engkau Di Sepertiga Malam
Lagu Cinta Para Pendosa ,Zaim Rofiqi,Pustaka Alvabet,9789793064772,2009,800,Sastra,75000,1,Lagu Cinta Para Pendosa 
#Girl Boss,Sophia Amorso,PT. Mizan Publika,9786020989891,2015,800,Sastra,75000,1,#Girl Boss
The Great Hunt: Perburuan Sangkakala,"Robert Jordan, Femmy Syahrani, Dina Begum",Mizan Pustaka,9789794337332,2013,800,Sastra,75000,1,The Great Hunt: Perburuan Sangkakala
Forever in My Heart,Monica Petra,Andi Offset,9789792950458,2015,800,Sastra,75000,1,Forever in My Heart
Willy the chronicles of flarkies,Satrio Wibowo,Imania,9786029560770,2010,800,Sastra,75000,1,Willy the chronicles of flarkies
Hijab Perjalanan Mencari Arti,Ninif Yunita,Entermedia,9797807819,2015,800,Sastra,75000,1,Hijab Perjalanan Mencari Arti
Rantau 1 Muara,A.Fuadi,PT Gramedia Pustaka Utama ,9789792294736,2013,800,Sastra,75000,1,Rantau 1 Muara
Maria Van Engels: Menantu Habib Kwitang ,Alwi Shahab,Republika,7972310729,2006,800,Sastra,75000,1,Maria Van Engels: Menantu Habib Kwitang 
Upsider Downster,Rim Razya,DAR! Mizan,9786024202941,2016,800,Sastra,75000,1,Upsider Downster
Jeruk Kristal,Maria Antonio Rahartati Bambang Haryo,Gramedia Pustaka Utama,9786020384665,2018,800,Sastra,75000,1,Jeruk Kristal
Keegan's Matchmaking,Ragatnia Clara,PlotPoint Publishing,9786029481433,2013,800,Sastra,75000,1,Keegan's Matchmaking
Sherlock Holmes: The Hound of the Baskervilles,Sir Arthur Conan Doyle,Shira Media,9786021142356,2015,800,Sastra,75000,1,Sherlock Holmes: The Hound of the Baskervilles
Bintang Diatas Alhambra,Ang Zen,PT. Bentang Pustaka,9786027888869,2013,800,Sastra,75000,1,Bintang Diatas Alhambra
The Hundred-Foot Journey,"Richard C.Morais, Ingrid DwijaniNimpoena",Qanita,9786021637524,2014,800,Sastra,75000,1,The Hundred-Foot Journey
"Love Me, Marry Me Cinta Itu Bukan Keegoisan",Esther Priscilla,Sheila,9789792943566,2014,800,Sastra,75000,1,"Love Me, Marry Me Cinta Itu Bukan Keegoisan"
Rindu Terpisah di Raja Ampat,Kirana Kejora,ZETTU,9786021298602,2015,800,Sastra,75000,1,Rindu Terpisah di Raja Ampat
Universitas Jatinangor Oxpord,Aaboy,Mahaka Publishing,9786029474053,2013,800,Sastra,75000,1,Universitas Jatinangor Oxpord
Kotbah Timeline,Abdul Gofar Hilman,PlotPoint Publishing,9786029481082,2012,800,Sastra,75000,1,Kotbah Timeline
Indonesia Jungkir Balik,"Ainun Chomsun, dkk",PT. Mizan Publika,9786029498820,2012,800,Sastra,75000,1,Indonesia Jungkir Balik
Araminta Spook,Angie Sage,Noura Books,9786021306918,2014,800,Sastra,75000,1,Araminta Spook
Caping Emas Misterius,Hana Alfazzahra,DAR Mizan,9786022424697,2014,800,Sastra,75000,1,Caping Emas Misterius
Komik 101 Hadis Tentang Akhlak,Hendra Wibawa ,PT. Mizan Pustaka,9786022426806,2016,800,Sastra,75000,1,Komik 101 Hadis Tentang Akhlak
#MewakiliPerasaanMu,Handy Bonny,PT. Mizan Pustaka,9786024181871,2019,800,Sastra,75000,1,#MewakiliPerasaanMu
Ampas Kopi,Muhi Library,Arti Bumi Intaran,9786027731738,2017,800,Sastra,75000,1,Ampas Kopi
 Invalidite The Bridge Of Perfection,Faradita,Penerbit Kubus Media,9786026731159,2018,800,Sastra,75000,1, Invalidite The Bridge Of Perfection
5 cm,Donny Dhirgantoro,Grasindo,9786022510703,2005,800,Sastra,75000,1,5 cm
Cinta Kanti,K. Usman,Republika Penerbit,9789791102377,2008,800,Sastra,75000,1,Cinta Kanti
Qasidah Cinta,O'ong Fathor Rohman Achmad,Alfikah Publishing,9786027168749,2015,800,Sastra,75000,1,Qasidah Cinta
Andai Aku Hidup Sekali Lagi,Muhammad Widus Sempo,PT. Mizan Pustaka,9786024180195,2016,800,Sastra,75000,1,Andai Aku Hidup Sekali Lagi
Miss Pikun Susah Inget Gampang Lupa,Jumanta,Gagas Media,9797800032,2005,800,Sastra,75000,1,Miss Pikun Susah Inget Gampang Lupa
Sesuk,Tere Liye,PT Sabak Grip Nusantara,9786239987886,2022,800,Sastra,75000,1,Sesuk
Dia Adalah Kakakku,Tere Liye,PT. Sabak Grip Nusantara,9786239607470,2022,800,Sastra,75000,1,Dia Adalah Kakakku
Dia Adalah Kakakku,Tere Liye,Republika Penerbit,9786025734373,2018,800,Sastra,75000,1,Dia Adalah Kakakku
Si Anak Cahaya,Tere Liye,Republika Penerbit,9786025734540,2018,800,Sastra,75000,1,Si Anak Cahaya
Rindu,Tere Liye,Republika Penerbit,9786028997904,2014,800,Sastra,75000,1,Rindu
Rindu,Tere Liye,PT Sabak Grip Nusantara,9786239554552,2022,800,Sastra,75000,1,Rindu
Si Anak Spesial,Tere Liye,Republika Penerbit,9786025734441,2018,800,Sastra,75000,1,Si Anak Spesial
Si Anak Pintar,Tere Liye,Republika Penerbit,9786025734502,2018,800,Sastra,75000,1,Si Anak Pintar
Amelia,Tere Liye,Republika Penerbit,9786028997737,2013,800,Sastra,75000,1,Amelia
Catatan Hati Ibunda,"Asma Nadia,dkk",AsmaNadia Publishing,9786029055191,2013,800,Sastra,75000,1,Catatan Hati Ibunda
W Untuk Wanita,Yayyo Asmara,PT. Kawan Pustaka,9786028388696,2012,800,Sastra,75000,1,W Untuk Wanita
Pricess Bajak Laut & Alien,"Clara Ng, Icha Rahmawati",PlotPoint Publishing,9786029481525,2013,800,Sastra,75000,1,Pricess Bajak Laut & Alien
Detektif Cilik Imung,Arswendo Atmowiloto,PlotPoint Publishing,9786029481457,2014,800,Sastra,75000,1,Detektif Cilik Imung
Relung Rasa Raisa ,Lea Agustina Citra,PlotPoint Publishing,9786029481549,2013,800,Sastra,75000,1,Relung Rasa Raisa 
Masque Of The Red Death,Bethany Griffin,Mizan  Fastasi,9789794337578,2013,800,Sastra,75000,1,Masque Of The Red Death
Do Rio Com Amor,Ifnur Hikmah,PT. Mizan Publika,9786021606711,2014,800,Sastra,75000,1,Do Rio Com Amor
Catatan Mahasiswa Gila,Adhitya Mulya,Mahaka Publishing,9786029888300,2011,800,Sastra,75000,1,Catatan Mahasiswa Gila
One Step Closer,Putri Pambayun,PT. Mizan Pustaka,9786022421924,2013,800,Sastra,75000,1,One Step Closer
Pelukan Untuk Hati,Irin Sintriana,CV. Andi Offset,9789792942569,2013,800,Sastra,75000,1,Pelukan Untuk Hati
My Diary,Aldila Jelita Indrabekti,EnterMedia,9789797807559,2014,800,Sastra,75000,1,My Diary
Cherish You,Irfa Hudaya,Orange,9786027729490,2015,800,Sastra,75000,1,Cherish You
Catatan Cinta Sang Ikhwan,Dinar Apriyanto,Qibla Bhuana Ilmu Populer,9786022498025,2015,800,Sastra,75000,1,Catatan Cinta Sang Ikhwan
Rembulan Tenggelam Di Wajahmu,Tere Liye,PT. Sabak Grip Nusantara,9786239607449,2022,800,Sastra,75000,1,Rembulan Tenggelam Di Wajahmu
Anak Rantau,A. Fuadi,Falcon,9786026051493,2017,800,Sastra,75000,1,Anak Rantau
Matahari,Tere Liye,PT Sabak Grip Nusantara,9786239726270,2022,800,Sastra,75000,1,Matahari
Si Anak Kuat,Tere Liye,Republika Penerbit,9786025734427,2018,800,Sastra,75000,1,Si Anak Kuat
Si Anak Pemberani ,Tere Liye,Republika Penerbit,9786025734526,2018,800,Sastra,75000,1,Si Anak Pemberani 
The Boy Who Drew Monster,Keith Donohue,PT Mizan Pustaka,9786024020323,2016,800,Sastra,75000,1,The Boy Who Drew Monster
Mariposa,Luluk H.F ,Coconut Books,9786025508615,2018,800,Sastra,75000,1,Mariposa
Khadijah: Ketika Rahasia Tersingkap,"Sibel Eraslan, Ahmad Saefudin",Kaysa Media,9789791479639,2012,800,Sastra,75000,1,Khadijah: Ketika Rahasia Tersingkap
H.I.V.E ,Mark Walden,Mizan Fantasi,9789794337141,2014,800,Sastra,75000,1,H.I.V.E 
Hafalan Shalat Delisa,Tere Liye,Republika,9789793210605,2005,800,Sastra,75000,1,Hafalan Shalat Delisa
Pulang,Tere Liye,PT Sabak Grip Nusantara,9786239554507,2022,800,Sastra,75000,1,Pulang
Bibi Gill,Tere Liye,PT Sabak Grip Nusantara,9786239726249,2022,800,Sastra,75000,1,Bibi Gill
"Kau, Aku, Dan Sepucuk Angpau Merah",Tere Liye,PT Gramedia Pustaka Utama,9786020331614,2012,800,Sastra,75000,1,"Kau, Aku, Dan Sepucuk Angpau Merah"
Tentang Kamu,Tere Liye,PT Sabak Grip Nusantara,9786020822341,2016,800,Sastra,75000,1,Tentang Kamu
Tentang Kamu,Tere Liye,Republika Penerbit,9786020822341,2016,800,Sastra,75000,1,Tentang Kamu
Sunset Bersama Rosie,Tere Liye,PT Sabak Grip Nusantara,9786239607463,2022,800,Sastra,75000,1,Sunset Bersama Rosie
Burlian,Tere Liye,Republika Penerbit,9799791102681,2009,800,Sastra,75000,1,Burlian
Moga Bunda Disayang Allah,Tere Liye,PT Sabak Grip Nusantara,9786239607494,2006,800,Sastra,75000,1,Moga Bunda Disayang Allah
Bulan,Tere Liye,Gramedia Pustaka Utama,9786020332949,2018,800,Sastra,75000,1,Bulan
Bumi ,Tere Liye,PT Sabak Grip Nusantara,9786239726263,2022,800,Sastra,75000,1,Bumi 
Bumi ,Tere Liye,PT Gramedia Pustaka Utama,9786020301129,2014,800,Sastra,75000,1,Bumi 
Komet Minor,Tere Liye,PT Gramedia Pustaka Utama,9786020623399,2019,800,Sastra,75000,1,Komet Minor
Matahari Minor,Tere Liye ,PT Sabak Grip Nusantara,9786239987893,2022,800,Sastra,75000,1,Matahari Minor
123 Anti Bego 2,Alienstartrek,PlotPoint Publishing,9786029481129,2012,800,Sastra,75000,1,123 Anti Bego 2
99 Untuk Tuhanku,Emha Ainun Nadjib,PT Bentang Pustaka,9786022910657,2015,800,Sastra,75000,1,99 Untuk Tuhanku
Frankenstein ,Mary Shelley,Qanita,9786021637944,2015,800,Sastra,75000,1,Frankenstein 
Sea Prayer,Khaled Hosseini,PT Mizan Pustaka,9786024021269,2018,800,Sastra,75000,1,Sea Prayer
Jangan Bercerai Bunda,Asma Nadia,AsmaNadia Publishing House,9786029055207,2013,800,Sastra,75000,1,Jangan Bercerai Bunda
Suara Hati dari Mesir,"Pipiet Senja, Irawan Kelana, Sastri Bakry, dll",AJIB Publishing,9789790561267,2014,800,Sastra,75000,1,Suara Hati dari Mesir
Sangkakala Di Langit Andalusia,"Hanum Salsabila Rais, Rangga Almahendra",Republika Penerbit,9786032791435,2022,800,Sastra,75000,1,Sangkakala Di Langit Andalusia
I Have A Dream,Fita Chakra,Noura Books,9786027816039,2011,800,Sastra,75000,1,I Have A Dream
Muhammad Muda Gue Banget,Hilman Fauzi,PT Jawa Mediasindo Lestari,9786021667088,2015,800,Sastra,75000,1,Muhammad Muda Gue Banget
The Accidental Further Adventures Of The 100-Year-Old Man,Jonas Jonasson,PT Bentang Pustaka,9786022915102,2018,800,Sastra,75000,1,The Accidental Further Adventures Of The 100-Year-Old Man
Jangan Mau Jadi Orang Rata-Rata,Ahmad Rifa'I Rif'an,Elex Media Komputindo,9786020271361,2015,800,Sastra,75000,1,Jangan Mau Jadi Orang Rata-Rata
The Secret Tunnel,"Rob Waring, Maurice Jamall",Thomson Heinle,9781413028911,2007,800,Sastra,75000,1,The Secret Tunnel
Ketika Cinta Bertasbih 2,Habiburrahman El Shirazy,Republika Penerbit,9789791102131,2007,800,Sastra,75000,1,Ketika Cinta Bertasbih 2
Ketika Cinta Bertasbih,Habiburrahman El Shirazy,Republika Penerbit,9789793210841,2007,800,Sastra,75000,1,Ketika Cinta Bertasbih
Zombie Attack ,Lesley Thompson,Oxford University Press,9780194249867,2013,800,Sastra,75000,1,Zombie Attack 
Bandslam,Aaron Rosenberg,SCHOLASTIC,9781905775972,2010,800,Sastra,75000,1,Bandslam
The First Flying Man ,Elspeth Rawstron ,Oxford University Press,9780194249430,2012,800,Sastra,75000,1,The First Flying Man 
Berjuta Embun Surga,Muttaqwiati,Gema Insani,9795618198,2004,800,Sastra,75000,1,Berjuta Embun Surga
Motivaction,Iwel Sastra,Noura Books,9786027816350,2013,800,Sastra,75000,1,Motivaction
The Legend of Sleepy Hollow,"Washington Irving, dkk",Penerbit Qanita,9786021637937,2015,800,Sastra,75000,1,The Legend of Sleepy Hollow
Night Flights,"Philip Reeve, Reni Indardini",Mizan Publika,9786023856008,2019,800,Sastra,75000,1,Night Flights
Selfie,Andari Karina Anom & Tjut  Riana Adhani,Gramedia Pustaka Utama,9786020306353,2014,800,Sastra,75000,1,Selfie
Si Parasit Lajang,Ayu Utami,Kepustakaan Populer Gramedia,9789799105387,2013,800,Sastra,75000,1,Si Parasit Lajang
Liaison Officer Forever,Melanie Subono,PT. Mizan Pustaka,9786028994743,2012,800,Sastra,75000,1,Liaison Officer Forever
Arus Bawah,Emha Ainun Nadjib,PT. Bentang Pustaka,9796022910688,2014,800,Sastra,75000,1,Arus Bawah
Accidentally Fabulous,Lisa Balham,Bentang Belia,9786029397796,2013,800,Sastra,75000,1,Accidentally Fabulous
The Little Detective ,Nurila Azhary,Noura Books,9786029498738,2012,800,Sastra,75000,1,The Little Detective 
Let It Be My Secret,Andhitya ,Gagas Media,9797800563,2006,800,Sastra,75000,1,Let It Be My Secret
Who's Trandy?,Berliana Islamiyarti Hydra,PT. Mizan Pustaka,9789790667471,2011,800,Sastra,75000,1,Who's Trandy?
Hidden Pearl,Dinda Alvira Irawan,PT. Mizan Pustaka,9786022420668,2014,800,Sastra,75000,1,Hidden Pearl
Untukmu Ayah,Muhammad Rafid Nadhif Rizqullah,PT. Mizan Pustaka,978602426981,2015,800,Sastra,75000,1,Untukmu Ayah
Open Your Heart Follow Your Prophet,TeladanRasul ,QultumMedia,9790172559,2013,800,Sastra,75000,1,Open Your Heart Follow Your Prophet
#Followers,"Ardini, dkk",Mediakita,9789797944050,2013,800,Sastra,75000,1,#Followers
Kambing dan Hujan,Mahfud Ikhwan,PT. Bentang Pustaka,9786022914709,2015,800,Sastra,75000,1,Kambing dan Hujan
Sweet Home,Adeliany Azfar ,Penerbit Haru,9786027742413,2014,800,Sastra,75000,1,Sweet Home
Sagacibu,Mella Sarah Elmania,PT. Mizan Pustaka,9786022423669,2014,800,Sastra,75000,1,Sagacibu
#Berhentidikamu,Gia Pratama,Mizan Pustaka,9786024181833,2018,800,Sastra,75000,1,#Berhentidikamu
Little Cuties,Alleya Hanifa,DAR! Mizan,9786024203702,2017,800,Sastra,75000,1,Little Cuties
Tetangga Ahli Surga,Hendranto Pratama Putra,Pastel Books Mizan Pustaka,9786020851587,2016,800,Sastra,75000,1,Tetangga Ahli Surga
Pandora Box,"Suci Nurhaliza, Rafiatunnisa Jannati ",Mizan Pustaka,9786024200060,2016,800,Sastra,75000,1,Pandora Box
Fantasteen The Series: Wewe Gombel,Mustafa Kamal,Muffin Graphics,9786023670369,2015,800,Sastra,75000,1,Fantasteen The Series: Wewe Gombel
BubblePop High School Sweet Story,Yasmin Amira & Nurul Pertiwi,Muffin Graphics,9786021128145,2014,800,Sastra,75000,1,BubblePop High School Sweet Story
Double Walker,"Kessy Vanessa, dkk",Muffin Graphics,9786023670260,2015,800,Sastra,75000,1,Double Walker
Rasuk,Risa Saraswati,BUKUNE ,6022201667,2018,800,Sastra,75000,1,Rasuk
Kisah-Kisah Nasruddin Hoja 1,Cengiz Demir,Republika Penerbit,9786020822198,2016,800,Sastra,75000,1,Kisah-Kisah Nasruddin Hoja 1
Baracas,Pidi Baiq,Pastel Books,9786026127303,2017,800,Sastra,75000,1,Baracas
The Magnificent Makers ,Theanne Griffth ,Random House New York,9780593379646,2022,800,Sastra,75000,1,The Magnificent Makers 
Detective Conan Vol 94,Aoyama Goso,Elex Media Komputindo,9786020478012,2018,800,Sastra,75000,1,Detective Conan Vol 94
One Autumn,Dian Agustin,CV. Andi Offset,9789792947014,2015,800,Sastra,75000,1,One Autumn
About You & Me,Rina Kartomisastro,"Sheila, Andi Offset",9789792950984,2015,800,Sastra,75000,1,About You & Me
Perempuan Pembelajar,"Ira D. Aini, Milastri Muzakkar",Elex Media Komputindo,9786020237152,2014,800,Sastra,75000,1,Perempuan Pembelajar
Let's Make A Wish,Dyah Apriliani Kusumaastuti,PT. Mizan Pustaka,9786022426028,2014,800,Sastra,75000,1,Let's Make A Wish
Catatan Pendek Untuk Cinta Yang Panjang,Boy Candra,Mediakita,9797944875,2014,800,Sastra,75000,1,Catatan Pendek Untuk Cinta Yang Panjang
Till We Meet Again,Yoana Dianika,Gagas Media,979780500x,2011,800,Sastra,75000,1,Till We Meet Again
Kutukan Akik,Sherina Salsabila,"Noura Books, Mizan Publika",9786020989914,2015,800,Sastra,75000,1,Kutukan Akik
English Is My Passion,Sabrina Putri Lofissa,DAR! Mizan,9786022426356,2015,800,Sastra,75000,1,English Is My Passion
Blue Valley Series: Asa Ayuni,Dyah Rinni,Falcon,9786021456897,2016,800,Sastra,75000,1,Blue Valley Series: Asa Ayuni
Ratu Yang Bersujud,Mahdavi,Republika Penerbit,9786028997591,2013,800,Sastra,75000,1,Ratu Yang Bersujud
Bumi Cinta,Habiburrahman El-Shirazy,Republika Penerbit,9786025734687,2019,800,Sastra,75000,1,Bumi Cinta
Prahara Cinta,Abu Umar Basyier,PT Shapa Publika,9786029628159,2010,800,Sastra,75000,1,Prahara Cinta
Uda Ganteng No. 13,FLP Sumatra,Gema Insani,9795601148,2006,800,Sastra,75000,1,Uda Ganteng No. 13
Kata,Rintik Sedu,Gagas Media,9789797809324,2018,800,Sastra,75000,1,Kata
7 Prajurit Bapak,Wulan Nur Amalia,MediaKita,978979946432,2022,800,Sastra,75000,1,7 Prajurit Bapak
Catatan Juang,Fiersa Besari,PT Transmedia Distributor,9789797945497,2017,800,Sastra,75000,1,Catatan Juang
"You Got Me, My Lucky Love",Veronica Gabriella,CV. Andi Offset,9789792960167,2016,800,Sastra,75000,1,"You Got Me, My Lucky Love"
Pasangan Detektif,Agatha Christie,Gramedia Pustaka Utama,9789792280029,2015,800,Sastra,75000,1,Pasangan Detektif
Best Teacher Ever,Rana Khairunnisa,Mizan Pustaka,9786022423386,2014,800,Sastra,75000,1,Best Teacher Ever
Mekkah Memoar Luka Seorang TKW,Aguk Irawan MN,Glosaria Media,9786027731790,2014,800,Sastra,75000,1,Mekkah Memoar Luka Seorang TKW
Far Away,Muthia Kemala Dewi,Mizan Pustaka,9786022427953,2015,800,Sastra,75000,1,Far Away
Pintu Waktu,Helfrida Miftakhur Raifa Sogara,DAR! Mizan,9786022429043,2016,800,Sastra,75000,1,Pintu Waktu
Keep On Going,Rifqi Khoirul Anam,PT Mizan Pustaka,9786022424888,2014,800,Sastra,75000,1,Keep On Going
10 Autumn In Korea,Asih Mitra,Wahyu Media,9797955699,2012,800,Sastra,75000,1,10 Autumn In Korea
Rumah Lentera dan 11 Bintang,Mahdavi,Republika,9786020822297,2016,800,Sastra,75000,1,Rumah Lentera dan 11 Bintang
Catatan Akhir Kuliah 2.0,Sam Maulasam,Bentang Pustaka,9786021383452,2015,800,Sastra,75000,1,Catatan Akhir Kuliah 2.0
I Love Cat,Syadrina Rahma Paramita,DAR! Mizan,9786024203894,2017,800,Sastra,75000,1,I Love Cat
Hap!,Andi Gunawan,Bentang Pustaka,9786029481655,2014,800,Sastra,75000,1,Hap!
Vampires At Hollingrood,Tryina Denouement,DAR! Mizan,9786024202507,2016,800,Sastra,75000,1,Vampires At Hollingrood
Mencari Buah Simalakama,Emha Ainun Nadjib,Bentang Pustaka,9786022914013,2017,800,Sastra,75000,1,Mencari Buah Simalakama
Duka Mu Abadi,Sapardi Djoko Damono,PT Gramedia Pustaka Utama,9786020339511,2017,800,Sastra,75000,1,Duka Mu Abadi
Sang Alkemis,"Paulo Coelho, Tanti Lesmana",Gramedia Pustaka Utama,9786020656069,2005,800,Sastra,75000,1,Sang Alkemis
Fearfacer: Restart,Esa Khairinia,PT Mizan Pustaka,9786022427148,2016,800,Sastra,75000,1,Fearfacer: Restart
Scary Tales,James Preller,PT. Mizan Publika,9786020989112,2014,800,Sastra,75000,1,Scary Tales
Tak Ada Yang Lebih Heboh Dari Cinta Pertama,Keitaro Iso,KIS Media,9789791751315,2014,800,Sastra,75000,1,Tak Ada Yang Lebih Heboh Dari Cinta Pertama
The Chocolate Temptation,Laura Florand,PT Bentang Pustaka,9786022911722,2016,800,Sastra,75000,1,The Chocolate Temptation
Peter Pan ,J.M. Barrie,PT Gramedia Pustaka Utama,9786020303475,2014,800,Sastra,75000,1,Peter Pan 
Rentang Kisah,Gita Savitri Devi,Gagas Media,9789797809034,2017,800,Sastra,75000,1,Rentang Kisah
Butir-butir Asmara ,Faulina Anjar Puspita,Andi Offset,9789792926156,2011,800,Sastra,75000,1,Butir-butir Asmara 
Sweet Destiny,Azumi Aozora,CV. Andi Offset,9789792953367,2016,800,Sastra,75000,1,Sweet Destiny
Kota Lama & Sepotong Cerita Cinta,Herdiana Hakim,Gagas Media,9797807916,2015,800,Sastra,75000,1,Kota Lama & Sepotong Cerita Cinta
A Thousand Winds,Luqyana,CV. Andi Offset,9789792951325,2015,800,Sastra,75000,1,A Thousand Winds
Cinta Diujung Sajadah,Asma Nadia,PT Republika,9786027595132,2012,800,Sastra,75000,1,Cinta Diujung Sajadah
Dreamland,Alyson Noël,Noura Books (PT Mizan Publika),9789794337769,2013,800,Sastra,75000,1,Dreamland
Nayla,Djenar Maesa Ayu,PT Gramedia Pustaka Utama,9786020326603,2005,800,Sastra,75000,1,Nayla
The Naked Traveler 7,Trinity,PT Bentang Pustaka,9786021246986,2016,800,Sastra,75000,1,The Naked Traveler 7
Sunyaruri,Risa Saraswati,Bukune Kreatif Cipta,9786022202684,2018,800,Sastra,75000,1,Sunyaruri
Kesatria Kuda Putih,Ahmad Sufiatur Rahman,Tiga Serangkai,9786027212978,2015,800,Sastra,75000,1,Kesatria Kuda Putih
London,Windry Ramadhina,GagasMedia,9797806537,2013,800,Sastra,75000,1,London
Gundam Attack!,Wylvera W & Darryl Kalid,PT Mizan Pustaka,9786020989426,2015,800,Sastra,75000,1,Gundam Attack!
Offline: Finding Yourself in Age Of Distractions,Desi Anwar,PT Gramedia Pustaka Utama ,9786020640594,2020,800,Sastra,75000,1,Offline: Finding Yourself in Age Of Distractions
"Tuhan, Maaf, Kami Belum Bersyukur",Irja Nasrullah,PT Mizan Pustaka,9786024180034,2016,800,Sastra,75000,1,"Tuhan, Maaf, Kami Belum Bersyukur"
Ranah 3 Warna,A.Fuadi,PT. Gramedia Pustaka Utama Jakarta,9789792263251,2011,800,Sastra,75000,1,Ranah 3 Warna
Rakit Alamanda ,Medina Savira,DAR! Mizan,9786022424635,2014,800,Sastra,75000,1,Rakit Alamanda 
Suka-suka Teppy,Stephany Josephine,PT. Bentang Pustaka,9786022915201,2019,800,Sastra,75000,1,Suka-suka Teppy
"Liputan 9 Kedaluwarsa, Tumpul, dan Tidak Bisa Dipercaya",Jeremi Dedeh,mediakita,9797943496,2012,800,Sastra,75000,1,"Liputan 9 Kedaluwarsa, Tumpul, dan Tidak Bisa Dipercaya"
Hidup Bertetangga Ala Muslim Show,"Noredine Allam, Arum Candra",DAR! Mizan,9786022423911,2014,800,Sastra,75000,1,Hidup Bertetangga Ala Muslim Show
Lomba Lari Bersama Rasul,Dewi Mulyani,Mizania Kidz,9786021337431,2015,800,Sastra,75000,1,Lomba Lari Bersama Rasul
Pelangi Cinta Di Atas Sajadah,Mohammad A. Syuropati,Kauna Pustaka,9786027608962,2015,800,Sastra,75000,1,Pelangi Cinta Di Atas Sajadah
Youth Adagio: Biarkan Melodimu Mengalun Pasti,Alberta Natasia Adji,Lingua Kata (PT Kawan Pustaka),9786028388771,2013,800,Sastra,75000,1,Youth Adagio: Biarkan Melodimu Mengalun Pasti
Diary Buruh Migran,Arsya Kirana,Revive!,9786027046450,2014,800,Sastra,75000,1,Diary Buruh Migran
Kami (Bukan) Sarjana Kertas,J.S. Khairen,PT. Bukune Kreatif Cipta,9786202203049,2019,800,Sastra,75000,1,Kami (Bukan) Sarjana Kertas
Misteri Uang Melayang,Yohana Fransiska Domuria Destrina Sona Simbolon,Mizan Pustaka,9786022426684,2015,800,Sastra,75000,1,Misteri Uang Melayang
Eliana ,Tere Liye,Republika Penerbit,9786028987042,2011,800,Sastra,75000,1,Eliana 
Liburan Kreatif,"Najma Auly, dkk",PT. Mizan Pustaka,9786022429289,2016,800,Sastra,75000,1,Liburan Kreatif
Titip Rindu Buat Mamak,"Dr. H. M. Syahrial Yusuf, SE., M.M.",Lentera Ilmu Cendikia,9786028969727,2026,800,Sastra,75000,1,Titip Rindu Buat Mamak
Teriakkan Merdeka! Lupakan Mantan! Siapin Calon Gebetan!,Ferdinand Rama,PT. WahyuMedia,9797956865,2012,800,Sastra,75000,1,Teriakkan Merdeka! Lupakan Mantan! Siapin Calon Gebetan!
At-Ta'dib,Jurnal Pendidikan Islam,Fak.Tarbiyah Institut Studi Islam Darussalam,9770216914002,2026,800,Sastra,75000,1,At-Ta'dib
Ketika Nurani Bicara ,Lazuardi Birru ,Yayasan Lazuardi Birru,9786029737905,2010,800,Sastra,75000,1,Ketika Nurani Bicara 
Elegi Rinaldo,Bernard Batubara,Falcon,9786026051400,2016,800,Sastra,75000,1,Elegi Rinaldo
Update Love: Kini Aku Berhasil Mencintaimu,Sayfullan,CV. Andi Offset,9789792947502,2015,800,Sastra,75000,1,Update Love: Kini Aku Berhasil Mencintaimu
Orang-Orang Biasa,Andrea Hirata,PT Bentang Pustaka,9786022915249,2019,800,Sastra,75000,1,Orang-Orang Biasa
Jaka Tingkir,M. Rantissi,Bintang Indonesia,6022184096,2008,800,Sastra,75000,1,Jaka Tingkir
The Heritage,Ghyna Amanda,Grasindo,9786022514909,2014,800,Sastra,75000,1,The Heritage
Bidadari Bermata Bening,Habiburrahman El Shirazy,Republika Penerbit,9786020822648,2017,800,Sastra,75000,1,Bidadari Bermata Bening
Tristan And Isolde,Bill Bowler,Oxford University Press,9780194639309,2010,800,Sastra,75000,1,Tristan And Isolde
Eat Prey Love,Kerrelyn Sparks,Dastan Books,9786022472261,2015,800,Sastra,75000,1,Eat Prey Love
Dua Wajah - Cinta Si Buruk Rupa,T. Sandi Situmarong,Andi Offset,9789792915891,2010,800,Sastra,75000,1,Dua Wajah - Cinta Si Buruk Rupa
Sherlock Holmes,Sir Arthur Conan Doyle,Oxford University Press,9780194249720,2016,800,Sastra,75000,1,Sherlock Holmes
Hantu Siul dan 14 Cerita Pendek Lainnya,Asam Kecut dkk,DAR! Mizan,9786022424390,2014,800,Sastra,75000,1,Hantu Siul dan 14 Cerita Pendek Lainnya
Anjing Hachiko dan Hilangnya Kemanusiaan Kita,P.M. Susbandono,Penerbit Kaifa,9786028994609,2011,800,Sastra,75000,1,Anjing Hachiko dan Hilangnya Kemanusiaan Kita
Penyakit Menular Selular PMS,Pidi Baiq ,Mizan Media Utama,9789790665934,2011,800,Sastra,75000,1,Penyakit Menular Selular PMS
Al-Khawarizmi,NIN Studio,Gema Insani,9799795600946,2006,800,Sastra,75000,1,Al-Khawarizmi
Pandu Pertiwi,Usman Shihab dkk,Direktorat Pendidikan Kesetaraan,9789791607483,2008,800,Sastra,75000,1,Pandu Pertiwi
Sitti Nurbaya,Marah Rusli,Balai Pustaka,9794071676,2004,800,Sastra,75000,1,Sitti Nurbaya
The Little Match Girl,Hans Christian Anderson,Oxford University Press,9780194249409,2019,800,Sastra,75000,1,The Little Match Girl
The Girls Beat,Annisa Maharani Sarasvati,DAR! Mizan,9786022426868,2016,800,Sastra,75000,1,The Girls Beat
Kiai Abdul Jalal I,E.R Asura,Imania,9786027926141,2014,800,Sastra,75000,1,Kiai Abdul Jalal I
Bella,Munif Chatib,Mizan Pustaka,9786020851150,2015,800,Sastra,75000,1,Bella
Samudra Pasai,Putra Gara,Hikmah (PT Mizan Pustaka),9789793714578,2010,800,Sastra,75000,1,Samudra Pasai
D'Rival,Nur Afiani,DAR! Mizan,9786022427131,2017,800,Sastra,75000,1,D'Rival
Secretly Greatly,Choi Jong Hun,Secondwind,9786027662223,2026,800,Sastra,75000,1,Secretly Greatly
Rahasia Aisyah,Naila Yumna Salsabila,PT Mizan Pustaka,9786024200602,2016,800,Sastra,75000,1,Rahasia Aisyah
Mama Cake,Moemoe Rizal,PT Mizan Pustaka,9786028994880,2012,800,Sastra,75000,1,Mama Cake
Story Land Dunia Peri Yang Hilang,Irfan Aqila,TaliKata,9786028906760,2011,800,Sastra,75000,1,Story Land Dunia Peri Yang Hilang
A Story Of Dreamers,Julia ,DAR! Mizan,9786022426448,2015,800,Sastra,75000,1,A Story Of Dreamers
The Last Exam,Sucia Ramadhani,Mizan Media Utama,9786022420514,2012,800,Sastra,75000,1,The Last Exam
Time Will Tell,"Okke Sepatumerah, Riri Sardjono",Gagas Media,9797806170,2013,800,Sastra,75000,1,Time Will Tell
The Naked Traveler 8,Trinity ,B First,9786024261061,2019,800,Sastra,75000,1,The Naked Traveler 8
Petir,Dee Lestari,Bentang Pustaka,9786028811736,2012,800,Sastra,75000,1,Petir
REEM ,Sinta Yudisia,PT Mizan Pustaka,9786026716118,2017,800,Sastra,75000,1,REEM 
Kerikil Tajam Dan Yang Terampas Dan Yang Putus,Chairil Anwar,Narasi,9786025792113,2018,800,Sastra,75000,1,Kerikil Tajam Dan Yang Terampas Dan Yang Putus
The 100 Year Old Man Climbed Out of The Window and Disappeared,Jonas Jonasson,Bentang Pustaka,9786022910183,2013,800,Sastra,75000,1,The 100 Year Old Man Climbed Out of The Window and Disappeared
Beasiswa Ditelapak Kaki Ibu,Irfan Amalee,PT Mizan Pustaka,9786029255515,2013,800,Sastra,75000,1,Beasiswa Ditelapak Kaki Ibu
TOFL Perburuan Bintang Siirius (bagian 2),Prof. Yohanes Surya,PT Kandel,9786027505179,2012,800,Sastra,75000,1,TOFL Perburuan Bintang Siirius (bagian 2)
Kimi dan Buku Ajaib,30 Penulis Cilik,Penerbit Bestari,9786023410668,2016,800,Sastra,75000,1,Kimi dan Buku Ajaib
Tale Of Angel,Rizki Fitriani,DAR! Mizan,9786022421474,2014,800,Sastra,75000,1,Tale Of Angel
Ali Baba and The Forty Thieves,Janet Hardy-Gould,Oxford University Press,9780194249348,2012,800,Sastra,75000,1,Ali Baba and The Forty Thieves
Tarian Salju Karaban,Aulal Muna dkk,Kemendikbud Dirjen Pendidikan Dasar,9786021389041,2015,800,Sastra,75000,1,Tarian Salju Karaban
Jeda Dalam Koma,Padma Alina,Plot Point Publishing,9786029481594,2014,800,Sastra,75000,1,Jeda Dalam Koma
Kado Untuk Ratu,Hilal Ahmad Ina Inong,Gong Publishing,9786029117035,2011,800,Sastra,75000,1,Kado Untuk Ratu
The Alchemist's Secret,Scott Mariani,Qanita,9786028579780,2011,800,Sastra,75000,1,The Alchemist's Secret
Hijrah Bang Tato,Fahd Pahdepie,PT. Bentang Pustaka,9786022914334,2017,800,Sastra,75000,1,Hijrah Bang Tato
Nikah Tanpa Masalah,Dr. Samihah Mahmud Gharib,Nakhlah Pustaka,9789791026086,2007,800,Sastra,75000,1,Nikah Tanpa Masalah
Kolam,Sapardi Djoko Damono,PT Gramedia Pustaka Utama,9786020339627,2009,800,Sastra,75000,1,Kolam
Cinta Bintang Kejora,I.R. Adi & Ade Anita,Gema Insani,9795619160,2004,800,Sastra,75000,1,Cinta Bintang Kejora
Hujan Bulan Juni,Sapardi Djoko Damono,Gramedia Pustaka Utama,9786020318431,2015,800,Sastra,75000,1,Hujan Bulan Juni
Rahasia Cinta,Novita Rahayu,PT Kawan Pustaka,139786028388781,2013,800,Sastra,75000,1,Rahasia Cinta
The Jurnal Of Dream,"Zahra Fulli Addini, Dkk",PT Mizan Pustaka,9786022425830,2015,800,Sastra,75000,1,The Jurnal Of Dream
Travel(Love)Ing 2,Tirta Prayudha Dkk,Gradian Mediatama,9786022081197,2013,800,Sastra,75000,1,Travel(Love)Ing 2
 Ngenest Ngetawain Hidup Ala Ernest 3,Ernest Prakasa,Rak Buku,9786027114088,2015,800,Sastra,75000,1, Ngenest Ngetawain Hidup Ala Ernest 3
Ada Berita Apa Hari Ini. Den Sastro?,Sapardi Djoko Damono,Gramedia Pustaka Utama,9786020339634,2017,800,Sastra,75000,1,Ada Berita Apa Hari Ini. Den Sastro?
Simfoni Pianis Cilik,Hikmah Azizah,DAR! Mizan,9786022425250,2014,800,Sastra,75000,1,Simfoni Pianis Cilik
Peter Pan ,J.M. Barrie,Fantasious,9786020900339,2015,800,Sastra,75000,1,Peter Pan 
Hello Sister,Farida Hisna Shabila,PT Mizan Pustaka,9786022425441,2015,800,Sastra,75000,1,Hello Sister
Fearfacer 1: Sapaan untuk sang terpercaya,Esa Khairiana,Mizan Pustaka Utama,9786022426547,2015,800,Sastra,75000,1,Fearfacer 1: Sapaan untuk sang terpercaya
Syam'un : Asal Muasal Lailatul Qadar,Rully Ferdiansyah,Republika Penerbit,9786020822174,2020,800,Sastra,75000,1,Syam'un : Asal Muasal Lailatul Qadar
Dalam Semesta Cinta ,Pipiet Senja,PT Luxsima Metromedia,9786022680154,2013,800,Sastra,75000,1,Dalam Semesta Cinta 
Jomblosaurus,Dion Bimasakti,Cakrawala,9789794050057,2015,800,Sastra,75000,1,Jomblosaurus
You're Not Funny Enough,Jacob Julia,PING!!!,9786022556176,2014,800,Sastra,75000,1,You're Not Funny Enough
Bocah Muslim di Neger James Bond,Imran Ahmad ,Mizan,9789794335680,2007,800,Sastra,75000,1,Bocah Muslim di Neger James Bond
Serambi Cinta Di Negeri Cahaya,Syiffanis Amaar,Loveable,9786020900193,2014,800,Sastra,75000,1,Serambi Cinta Di Negeri Cahaya
Bumi Manusia,Pramoedya Ananta Toer,Lentrera Dipantara,9789799731234,2005,800,Sastra,75000,1,Bumi Manusia
Senyum Dahlan,Tasaro G.K,Noura Books,9796021606902,2013,800,Sastra,75000,1,Senyum Dahlan
Spooky Stories: Penghuni Keempat,Kinta,PT Mizan Pustaka,9786021606445,2013,800,Sastra,75000,1,Spooky Stories: Penghuni Keempat
The Dormitory,Andika Kaya,PT Mizan Publika,9786023850181,2015,800,Sastra,75000,1,The Dormitory
Me and Lionel Messi ,Veronica W.,DAR Mizan,9789790666962,2011,800,Sastra,75000,1,Me and Lionel Messi 
Lucy Cattermole,Rana Amani,PT. Mizan Pustaka,9786022423782,2015,800,Sastra,75000,1,Lucy Cattermole
Happiness,Wulan Arisa,PT. Mizan Pustaka,9789790668812,2012,800,Sastra,75000,1,Happiness
Phobia,Ikhsanny Novira,PT Mizan Pustaka,9786024201289,2016,800,Sastra,75000,1,Phobia
Mimpi Kecil Tita,Desi Puspita Sari,Republika Penerbit,9786020822532,2017,800,Sastra,75000,1,Mimpi Kecil Tita
Nyanyian Akar Rumput,Wiji Thukul ,PT Gramedia Pustaka ,9786020302898,2014,800,Sastra,75000,1,Nyanyian Akar Rumput
"Alexandra & Ali Topan"" Ku Selalu Ada""",Jenar Maulani & Teguh Esha,Republika,9789793210865,2007,800,Sastra,75000,1,"Alexandra & Ali Topan"" Ku Selalu Ada"""
Jantung Hatiku,Damai Pandu Nata,Zettu,9786027735972,2013,800,Sastra,75000,1,Jantung Hatiku
Menari Di Surga,Agustrijanto,Gema Insani,9795618636,2004,800,Sastra,75000,1,Menari Di Surga
Nyanyian Anak Garuda,M. Farisy Maulana Yusuf,Mizan Pustaka,9786022423638,2014,800,Sastra,75000,1,Nyanyian Anak Garuda
Amira: Cinta Dari Tanah Surga,Suliwe,Gema Insani Press,9789790772465,2011,800,Sastra,75000,1,Amira: Cinta Dari Tanah Surga
Ekaristi,Mario F Lawi,Plot Point,9786029481679,2014,800,Sastra,75000,1,Ekaristi
Lost And Found,Hawa Annisa,PT Mizan Pustaka,9786022426325,2014,800,Sastra,75000,1,Lost And Found
Tolong Panggil Nama Saya,Siwi Tri Puji Budiwiyati,Republika,9789791102797,2010,800,Sastra,75000,1,Tolong Panggil Nama Saya
The Dolphin Dreams ,"Panji Pratama, dkk.",de TEENS,9786022790860,2013,800,Sastra,75000,1,The Dolphin Dreams 
"Tangkaplah Daku, Kau Kujitak!",Hilman,PT Gramedia Pustaka Utama,9789792296419,2013,800,Sastra,75000,1,"Tangkaplah Daku, Kau Kujitak!"
Catatan Hati di Setiap Doaku,"Asma Nadia,dkk",Asma Nadia Publishing House,9786029055092,2012,800,Sastra,75000,1,Catatan Hati di Setiap Doaku
Ayat-ayat Cinta 2,Habiburrahman El Shirazy,PT Pustaka Abdi Bangsa,9786020822150,2015,800,Sastra,75000,1,Ayat-ayat Cinta 2
Melukis Pelangi,Oki Setiana Dewi,Mizan Pustaka,9786029255294,2012,800,Sastra,75000,1,Melukis Pelangi
"Cinta,Ketulusan dan Kesunyian",Kahlil Gibran,Bentang Pustaka,9798793340,1997,800,Sastra,75000,1,"Cinta,Ketulusan dan Kesunyian"
Love Therapy,Irma Rahayu,Mizan Publika,9786029498837,2012,800,Sastra,75000,1,Love Therapy
Hirameki Hatsume-chan 3,Daioki,PT Bentang Pustaka,9786027975811,2014,800,Sastra,75000,1,Hirameki Hatsume-chan 3
Hanako Si Arwah Penasaran 17,"Aidalro, Anggi Virgianti",Elex Media Komputindo,9786230035807,2022,800,Sastra,75000,1,Hanako Si Arwah Penasaran 17
Rinduku Sederas Hujan Sore Itu,J.S Khairen,Noura Books,9786023853304,2017,800,Sastra,75000,1,Rinduku Sederas Hujan Sore Itu
Swiss Family Robinson,Johann David Wyss,PT. Bentang Pustaka,9786028811460,2011,800,Sastra,75000,1,Swiss Family Robinson
Tenaga Kerja Istimewa,Naiqueen,Bentang Pustaka,9786022911203,2015,800,Sastra,75000,1,Tenaga Kerja Istimewa
123 Kutipan Film Oke,Hikmat Darmawan,Bentang Pustaka,9786029481068,2012,800,Sastra,75000,1,123 Kutipan Film Oke
Melepaskan,Dindin Komarudin,Wahyu Qolbu,9786026358394,2017,800,Sastra,75000,1,Melepaskan
Ada Syurga Di Tapak Kaki Ibu,Moch Saiful Bakhri,Erlangga,9797816893,2026,800,Sastra,75000,1,Ada Syurga Di Tapak Kaki Ibu
Merindu Baginda Nabi,Habiburrahman El-Shirazy,Republika,9786025734199,2018,800,Sastra,75000,1,Merindu Baginda Nabi
Selingkuh,Paulo Coelho,PT. Gramedia Pustaka Utama,9786020312071,2014,800,Sastra,75000,1,Selingkuh
Survival Guide For Moslem Girl In UK,Maria Ahmed,DAR! Mizan,9786022428251,2015,800,Sastra,75000,1,Survival Guide For Moslem Girl In UK
Kemenangan Mimpi,Fauzan Muttaqien,Gema Insani,9786022502425,2014,800,Sastra,75000,1,Kemenangan Mimpi
Dan Rasul pun Tersenyum,Nashihatku,Salam Books,9786024181369,2017,800,Sastra,75000,1,Dan Rasul pun Tersenyum
Supernova Partikel 4,Dee/Dewi Lestari,Bentang Pustaka,9786028811743,2012,800,Sastra,75000,1,Supernova Partikel 4
Tatkala Leukimia Meretas Cinta,DR. H. Siti Fadilah Supari SP.JK(K),Mizan Publika,9786028767316,2010,800,Sastra,75000,1,Tatkala Leukimia Meretas Cinta
The Habit Journal,Atomic Habits,Gramedia Pustaka Utama,9786020663142,2022,800,Sastra,75000,1,The Habit Journal
Cinta Suci Zahrana,Habiburrahman El Shirazy,Ihwah Publishing House,9786029822168,2011,800,Sastra,75000,1,Cinta Suci Zahrana
Habis Gelap Terbitlah Terang,Armijn Pane,Balai Pustaka,9794070637,2004,800,Sastra,75000,1,Habis Gelap Terbitlah Terang
Catatan Hati Seorang Istri,Asma Nadia,Asma Nadia Publishing House,9786029055030,2014,800,Sastra,75000,1,Catatan Hati Seorang Istri
Cat Me If You Can,Amelia,Teen Noura,9786027816688,2013,800,Sastra,75000,1,Cat Me If You Can
Komet,Tere Liye,Gramedia Pustaka Utama,9786020385938,2018,800,Sastra,75000,1,Komet
The X-News Files,Howston Kurniawan,Wahyu Media,9797957233,2013,800,Sastra,75000,1,The X-News Files
Valentino Rossi Di Balik Gunung Mokol,H. Alfiyah M.Pd,Cipta Media Edukasi,9786025838972,2018,800,Sastra,75000,1,Valentino Rossi Di Balik Gunung Mokol
Angan Senja Senyum Pagi,Fahd Pahdepie,Falcon Publishing,9786026051455,2017,800,Sastra,75000,1,Angan Senja Senyum Pagi
MS Right And MR. Wrong,Alya Noor Aminah Saleh,DAR! Mizan,9786027870680,2014,800,Sastra,75000,1,MS Right And MR. Wrong
Dilan 1990,Vidi Baiq,Mizan Pustaka,9786027870864,2016,800,Sastra,75000,1,Dilan 1990
Negeri Di Ujung Tanduk,Tere Liye,Gramedia Pustaka Utama,9789792294293,2018,800,Sastra,75000,1,Negeri Di Ujung Tanduk
Indonesia Mengajar,Anies Baswedan,Bentang,9786028811576,2013,800,Sastra,75000,1,Indonesia Mengajar
Kenangan Hujan,Dy Lunaly,Falcon,9786026714589,2019,800,Sastra,75000,1,Kenangan Hujan
Galuh Hati,Randu,Kawah Media,9797958167,2014,800,Sastra,75000,1,Galuh Hati
Radio Galau,Radio Galau & Friend,Wahyu Media,979795577x,2012,800,Sastra,75000,1,Radio Galau
Bintang,Tere Liye,Gramedia Pustaka Utama,9786020351179,2017,800,Sastra,75000,1,Bintang
"Love Me, Love Me, Love Me Not",Raichi Ryelf,Sheila,9789792952742,2015,800,Sastra,75000,1,"Love Me, Love Me, Love Me Not"
Sagaras,Tere Liye,Sabakgrip Nusantara,9786239726256,2022,800,Sastra,75000,1,Sagaras
Sepatu Terakhir,Toni Tegar Sahidi,Republika,9786027595217,2012,800,Sastra,75000,1,Sepatu Terakhir
Saranghae Suju,Ratna Puji Lestari,Dar! Mizan,9786022424444,2014,800,Sastra,75000,1,Saranghae Suju
Love Without Limits,"Nick Vujicic, kanae Vujicic",Gramedia Pustaka Utama,9786020325866,2016,800,Sastra,75000,1,Love Without Limits
Kumpulan Dongeng Motivasi,Arleen ,Bhuana Ilmu Populer,9786023946280,2017,800,Sastra,75000,1,Kumpulan Dongeng Motivasi
After A Long Time ,Retno Handi & Kamal Agusta,Sivi Andi Offset,9789792921847,2014,800,Sastra,75000,1,After A Long Time 
Negeri 5 Menara,A. Fuadi,Gramedia Pustaka Utama,9789792248616,2009,800,Sastra,75000,1,Negeri 5 Menara
Hujan ,Tere Liye,Sabakgrip Nusantara,9786239987879,2022,800,Sastra,75000,1,Hujan 
Perjalanan Rasa,Fahd Pahdepie,Bentang Pustaka,9786022914617,2018,800,Sastra,75000,1,Perjalanan Rasa
Bidadari Paderi,Saiful A. Imam,Republika,November,2007,800,Sastra,75000,1,Bidadari Paderi
Bidadari-Bidadari Surga,Tere Liye,Republika,9789791102261,2011,800,Sastra,75000,1,Bidadari-Bidadari Surga
Sisi Gelap Cinta,Mira W,Gramedia Pustaka Utama,9786020319575,2015,800,Sastra,75000,1,Sisi Gelap Cinta
Hairless,Ranti Hannah,Gagasmedia,9797804887,2011,800,Sastra,75000,1,Hairless
The Journal Of Dream,"Zahra Fulli Addini, dkk",PT Mizan Pustaka,9786022425830,2015,800,Sastra,75000,1,The Journal Of Dream
Karleen and The Magical Book,Firda Amelia Noor,PT Mizan Pustaka,9786024202569,2016,800,Sastra,75000,1,Karleen and The Magical Book
Detektif Conan 15,Aoyama Gosho,Elex Media Komputindo,9789792004496,1998,800,Sastra,75000,1,Detektif Conan 15
Rahasia Pintu Merah,"Zoraya Yonita, Dkk",PT Mizan Pustaka,9786022428770,2015,800,Sastra,75000,1,Rahasia Pintu Merah
Change!,Derby Dian Utama,Gema Insani Press,9789790770706,2008,800,Sastra,75000,1,Change!
Graffiti Lukisan Tentang Persahabatan dan Persaingan ,Aldeka Kamilia Mufidah,DAR! Mizan,9786022424833,2014,800,Sastra,75000,1,Graffiti Lukisan Tentang Persahabatan dan Persaingan 
Seutas Ganal,Irma Rahayu,Andi Offset,9789792913095,2010,800,Sastra,75000,1,Seutas Ganal
Melbourne ,Winna Efendi,Gagas Media,9797806456,2014,800,Sastra,75000,1,Melbourne 
Ivore & Akoya,Sabita Nurafifah,DAR! Mizan,9786022427094,2015,800,Sastra,75000,1,Ivore & Akoya
3 Burung Kecil,Mikha Ramadewi,Mizan Media Utama,9786029481310,2013,800,Sastra,75000,1,3 Burung Kecil
Nyona Jetset,Alberthein Endah,Gramedia Pustaka Utama,9789792247893,2009,800,Sastra,75000,1,Nyona Jetset
Pergi,Tere Liye,PT Sabak Grip Nusantara,9786239554514,2022,800,Sastra,75000,1,Pergi
"Saranghae, I love You",Ayu Widya,Mizan Pustaka,9786021637326,2014,800,Sastra,75000,1,"Saranghae, I love You"
The Sand Of Time,Sidney Sheldon,Gramedia Pustaka Utama,9789792247244,2009,800,Sastra,75000,1,The Sand Of Time
69 Cara Traveling Gratis,Trinity & Yasmin,B First,9786024260965,2018,800,Sastra,75000,1,69 Cara Traveling Gratis
Amanda Quick,"Sylfentri, Andriyanti",Dastan Books,9786028723756,2011,800,Sastra,75000,1,Amanda Quick
Yoyoh Yusroh Mutiara Yang Telah Tiada,Tim GIP,Gema Insani,9789790772731,2011,800,Sastra,75000,1,Yoyoh Yusroh Mutiara Yang Telah Tiada
Kingkong Jatuh Cinta,Ari Kinoysan,Andi Offset,9789792900705,2007,800,Sastra,75000,1,Kingkong Jatuh Cinta
Bunga Kematian,Asyraf Sayyid,Gema Insani Press,9795613510,1997,800,Sastra,75000,1,Bunga Kematian
The Leader Who Had No Title,Robin Sharma,Bentang Pustaka,9786022915065,2019,800,Sastra,75000,1,The Leader Who Had No Title
Look! New York,Fazil Abdullah,Gema Insani Press,9795619977,2005,800,Sastra,75000,1,Look! New York
Scarlett Latter,Nathanil Hautorne,Narasi,9789791684064,2015,800,Sastra,75000,1,Scarlett Latter
Melangkah Dengan Bismillah,Ikan Satriati,Republika,9786020822211,2016,800,Sastra,75000,1,Melangkah Dengan Bismillah
Anak Muslim,Aruma Assegaf,Mizan Pustaka,9786021128237,2014,800,Sastra,75000,1,Anak Muslim
Jadi Lawan Yang Baik,Endah Nawang Novianti,Elex Media Komputindo,9786020252827,2014,800,Sastra,75000,1,Jadi Lawan Yang Baik
Nanti Kita Cerita Tentang Hari Ini,Marchella FP,PT Gramedia,9786024811235,2019,800,Sastra,75000,1,Nanti Kita Cerita Tentang Hari Ini
Tukang Singkong Naik Haji The Stories ,Satria Nova,PT Mizan Pustaka,9786024180836,2017,800,Sastra,75000,1,Tukang Singkong Naik Haji The Stories 
Ramadhan Ala Muslim Seoul,Noredine Allam,Mizan Pustaka,9786022422594,2010,800,Sastra,75000,1,Ramadhan Ala Muslim Seoul
Janji,Tere Liye,PT Sabak Grip Nusantara,9786239726201,2022,800,Sastra,75000,1,Janji
Prince William & KT Middleton ,Vickiy Shipton,Scholastic,9781906861865,2011,800,Sastra,75000,1,Prince William & KT Middleton 
Hikmah Dalam Humor Kisah Dan Pepatah,A.Aziz Salim Basyarahil,Gema Insani Press,9795610503,1998,800,Sastra,75000,1,Hikmah Dalam Humor Kisah Dan Pepatah
Inspiring Mom & Dad,Rahmat Affandi,Gema Insani Press,9789790772076,2010,800,Sastra,75000,1,Inspiring Mom & Dad
While in The Moment,Asti Yulinia,PT. Mizan Pustaka,9786022426271,2015,800,Sastra,75000,1,While in The Moment
Ayat-Ayat Cinta 1,Habiburrahman El Shirazy,Republika,9793604026,2008,800,Sastra,75000,1,Ayat-Ayat Cinta 1
Kutinggalkan Dia Karena DIA ,DuniaJilbab & Ummu_Rumaisha81,WahyuQolbu,9797959589,2015,800,Sastra,75000,1,Kutinggalkan Dia Karena DIA 
Berani Bermimpi,Elie Mulyadi,Mizan Pustaka,9786029255867,2014,800,Sastra,75000,1,Berani Bermimpi
Between Us ,Alfida Fawazi ,CV. Andi Offset,9789792941746,2014,800,Sastra,75000,1,Between Us 
Mencari Jalan ke Hati Bunda,Fithri,Gema Insani,9795617761,2002,800,Sastra,75000,1,Mencari Jalan ke Hati Bunda
Teka-Teki Rubi Merah,Fayanna Ailisha Davianny,PT. Mizan Pustaka,9786022426646,2015,800,Sastra,75000,1,Teka-Teki Rubi Merah
Selfie Stories,Dewi Rieka,Penerbit Mizan Pustaka,9786020851280,2015,800,Sastra,75000,1,Selfie Stories
Gamers ,Soup ,PT. Mizan Pustaka,9786024200800,2016,800,Sastra,75000,1,Gamers 
Delapan Sisi ,"Adityarakhman, dkk",Bentang Pustaka,9786029481440,2013,800,Sastra,75000,1,Delapan Sisi 
Test Pack,Ninit Yunita,Gagas Media,9793600969,2005,800,Sastra,75000,1,Test Pack
Kidung Kembara,Pipiet Senja,Gema Insani,9795618040,2002,800,Sastra,75000,1,Kidung Kembara
Tirah,Erast Yuu,Scritto Books Publisher,9786025134739,2018,800,Sastra,75000,1,Tirah
Spooky Stories: Revenge,Salsa Putri,Noura Books,9786021306864,2014,800,Sastra,75000,1,Spooky Stories: Revenge
Cindaku,"Nelfi Syafrina, dkk",PT. Mizan Pustaka,9786022428275,2015,800,Sastra,75000,1,Cindaku
Barefoot in Baghdad,Manal M. Omar,PT. Mizan Pustaka,9786029225365,2014,800,Sastra,75000,1,Barefoot in Baghdad
Rahasia Cinta Gadis Jelita,K. Usman,Republika Penerbit,9799793210964,2007,800,Sastra,75000,1,Rahasia Cinta Gadis Jelita
Si Markum ,Zaenal Radar T.,PT. Pustaka Alvabet,9786026577139,2017,800,Sastra,75000,1,Si Markum 
Rasa ,Tere Liye,PT. Sabak Grip Nusantara,9786239726232,2022,800,Sastra,75000,1,Rasa 
I Love Hijab,Tabrize Khanza Btariamzo,DAR Mizan,9786024203870,2017,800,Sastra,75000,1,I Love Hijab
I Love Japan,Nasywa Salsabila,DAR Mizan,9786022429784,2016,800,Sastra,75000,1,I Love Japan
The Journal of Parisien Girl,Esa Khairina Husein,PT. Mizan Pustaka,9786022424475,2014,800,Sastra,75000,1,The Journal of Parisien Girl
Andai Kamu Tahu,O. Solihin,Gema Insani ,9795618768,2004,800,Sastra,75000,1,Andai Kamu Tahu
Rose's Wonderful Day,Dwipuspita Ramadhanti,PT. Mizan Pustaka,9786022420682,2014,800,Sastra,75000,1,Rose's Wonderful Day
Dunia Lain di Mataku,Nostalgiawan,Gema Insani ,9795618180,2003,800,Sastra,75000,1,Dunia Lain di Mataku
Cinta Tak Ada Mati,Eka Kurniawan,PT. Gramedia Pustaka Utama,9786020386355,2018,800,Sastra,75000,1,Cinta Tak Ada Mati
Mia The Ghost Hunter: Idol Wishes,Satrio Ririt Sutarno,PT. Mizan Pustaka,9786021128879,2015,800,Sastra,75000,1,Mia The Ghost Hunter: Idol Wishes
Never Give Up,Alfatira Gema,DAR! Mizan,9786022429357,2017,800,Sastra,75000,1,Never Give Up
Bunga Penyelamat ,Fida Zalfa Lathifah Yasmin,DAR! Mizan,9786024201357,2016,800,Sastra,75000,1,Bunga Penyelamat 
The cupcake World,Siti Nailazikri Virananda,PT. Mizan Pustaka,9786024201760,2016,800,Sastra,75000,1,The cupcake World
Berburu Hadiah,Anisa Widayati,PT Mizan Pustaka,9786024202446,2017,800,Sastra,75000,1,Berburu Hadiah
The Real Princess,I'tiya Natijanul Husna,DAR! Mizan,9786022428022,2016,800,Sastra,75000,1,The Real Princess
The Days with My Sister,Rashikhah Shoha Qurratul Aini,DAR Mizan,9786022427506,2015,800,Sastra,75000,1,The Days with My Sister
Three Boys And Three Girls,Annisa Humairani,Mizan Pustaka,9789790667624,2012,800,Sastra,75000,1,Three Boys And Three Girls
From Holland With Love,Yasmin Azzahra Rahman,PT. Mizan Pustaka,9786022426998,2015,800,Sastra,75000,1,From Holland With Love
Karang Berbisik,Salma dkk,DAR! Mizan,9786022424505,2014,800,Sastra,75000,1,Karang Berbisik
The Ghost In My School,Berliana Putri Muliatama,PT Mizan Pustaka,9786022423065,2015,800,Sastra,75000,1,The Ghost In My School
Pinka Rossi Sahabat Kecilku,Jea,DAR ! Mizan,9786022427773,2017,800,Sastra,75000,1,Pinka Rossi Sahabat Kecilku
Cincin Ajaib,CACA,PT Mizan Pustaka,9786022427919,2016,800,Sastra,75000,1,Cincin Ajaib
My Secret Identity,Athaya Sholeha,PT. Mizan Pustaka,9786024203467,2017,800,Sastra,75000,1,My Secret Identity
Finding Fra,Oryza Sativa Apriyani,PT. Mizan Pustaka,9786022426400,2015,800,Sastra,75000,1,Finding Fra
Gelang Persahabatan,Danish,DAR! Mizan,9786024203443,2017,800,Sastra,75000,1,Gelang Persahabatan
Kecil-Kecil Punya Karya; Misteri Ombak Foughville,"Ayesha Kamila Rafifah, dkk",DAR! Mizan,9786022424741,2014,800,Sastra,75000,1,Kecil-Kecil Punya Karya; Misteri Ombak Foughville
Sepeda & Sahabat,Safina,DAR! Mizan,9786024201463,2016,800,Sastra,75000,1,Sepeda & Sahabat
The Star Girls,Nisrina Hanifah,PT. Mizan Pustaka,9786024201869,2008,800,Sastra,75000,1,The Star Girls
Permen-Permen Cinta Untukmu,Abdurahman Faiz,DAR! Mizan,9786024203788,2017,800,Sastra,75000,1,Permen-Permen Cinta Untukmu
Beautiful Days,Nabila Nurkhalisah Harris,PT. Mizan Pustaka,9786024201180,2016,800,Sastra,75000,1,Beautiful Days
Rahasia Mama,Azella Maulidya Hardiansyah,Mizan Pustaka,9786022429012,2017,800,Sastra,75000,1,Rahasia Mama
Dirly Girly,Nadia,PT Mizan Pustaka,9786024200169,2016,800,Sastra,75000,1,Dirly Girly
Pelukis Cilik,Zumrotush Sholihah,PT Mizan Pustaka,9786024201449,2016,800,Sastra,75000,1,Pelukis Cilik
Life in Dormitory,Aletha Diani Haq,Mizan Pustaka,9786022427315,2015,800,Sastra,75000,1,Life in Dormitory
Detektif Pembersih Toilet,Rubee Putri Risdiyanto,PT. Mizan Pustaka,9786022427780,2016,800,Sastra,75000,1,Detektif Pembersih Toilet
(Not) a Best Friend Kendy dan Max Bersahabat Lagi,Queen Aura,DAR! Mizan,9786022427889,2015,800,Sastra,75000,1,(Not) a Best Friend Kendy dan Max Bersahabat Lagi
Diamond Girls,R.R. Ditya Mutiara Syifa,PT Mizan Pustaka,9786022426813,2017,800,Sastra,75000,1,Diamond Girls
Let's Bake Cookies,Izzati ,PT. Mizan Pustaka,9786024203665,2017,800,Sastra,75000,1,Let's Bake Cookies
Ice Skating Girl,Fayanna Ailisha Davianny,PT Mizan Pustaka,9786022427612,2016,800,Sastra,75000,1,Ice Skating Girl
The New World,Aldini Pratiwi,DAR Mizan,9786022427223,2015,800,Sastra,75000,1,The New World
New Besties,Oryza Sativa Apriyani,DAR Mizan,9786022429746,2016,800,Sastra,75000,1,New Besties
Mother's Day,Ghaisani Azmi Rahmaniyah,DAR Mizan,9786022426585,2015,800,Sastra,75000,1,Mother's Day
Manusia Sejuta Fobia,Aisya Aulia Sudrajat,PT. Mizan Pustaka,9786024201067,2016,800,Sastra,75000,1,Manusia Sejuta Fobia
From Hater to Lover,Aisya Aulia Sudrajat,PT. Mizan Pustaka,9786022428978,2016,800,Sastra,75000,1,From Hater to Lover
My Writing World,Archea Asy-Syafaah Prissandi,PT. Mizan Pustaka,9786022427230,2015,800,Sastra,75000,1,My Writing World
The Seven Angels,Adellia Shaka Fitria,DAR Mizan,9786022427018,2016,800,Sastra,75000,1,The Seven Angels
1000 Bangau Kertas,Ezokanzo,Gema Insani Press,9795600664,2005,800,Sastra,75000,1,1000 Bangau Kertas
Bila Musim Telah Berganti,Purwati Sugito,PT Elex Media Komputindo,97860202035592,2014,800,Sastra,75000,1,Bila Musim Telah Berganti
Dan Gue Bukan Robot,M.Irfan Hidayatullah,Lingkar Pena,9799821630,2004,800,Sastra,75000,1,Dan Gue Bukan Robot
Antologi Puisi Mahabbah,Iqoh Umar,Savana,9786021751862,2014,800,Sastra,75000,1,Antologi Puisi Mahabbah
Mantan Terindah,Zahara Putri,Euthenia,9786021310618,2015,800,Sastra,75000,1,Mantan Terindah
Harley Scuter,Anton WP,CV. Andi Offset,9789792901443,2007,800,Sastra,75000,1,Harley Scuter
Bulan Terbelah di Langit Amerika,Hanum Salabiela Rais dan Rangga Mahendra,Gramedia Pustaka Utama,9786020305455,2014,800,Sastra,75000,1,Bulan Terbelah di Langit Amerika
I Heart Tokyo,"Monica Tedja, Anggabegood",And Offset,9789792944099,2014,800,Sastra,75000,1,I Heart Tokyo
Sagaras,Tere Liye,Sabakgrip Nusantara,9786239726256,2022,800,Sastra,75000,1,Sagaras
Kembara Rindu,Habiburrahman El Shirazy,Republika Penerbit,9786237458098,2019,800,Sastra,75000,1,Kembara Rindu
Chairil Anwar: Pelopor Angkatan 45,H.B Jassin,Narasi,9789791682985,2013,800,Sastra,75000,1,Chairil Anwar: Pelopor Angkatan 45
Hayami Matsumiku,Sophie Febri,"Sheila, Andi Offset",9789792901290,2008,800,Sastra,75000,1,Hayami Matsumiku
Bubble Love,Fei & Lia Indra Andriana,CV. Andi Offset,9789792926125,2011,800,Sastra,75000,1,Bubble Love
Underground Novel,Ika Natassa,Gramedia Pustaka Utama,9786020319469,2010,800,Sastra,75000,1,Underground Novel
Dear Nathan ,Erisca Febriani,PT. Melvana Media Indonesia,9786026940612,2016,800,Sastra,75000,1,Dear Nathan 
Laura and The Sweet Adventure,Sabrina Putri Lofissa,PT. Mizan Pustaka,9786022424666,2014,800,Sastra,75000,1,Laura and The Sweet Adventure
Misteri Lukisan Tua,Violita Maulani Aisha ,PT. Mizan Pustaka,9786024200589,2017,800,Sastra,75000,1,Misteri Lukisan Tua
Stranded,Oryza Sativa Apriyani,PT. Mizan Pustaka,9786022427735,2015,800,Sastra,75000,1,Stranded
Bubble Gum,Adzimattinur Siregar,Gema Insani,9795601261,2006,800,Sastra,75000,1,Bubble Gum
Separate Beads,LaVyrle Spencer,Gagas Media,9789797804619,2012,800,Sastra,75000,1,Separate Beads
Ayat-Ayat Api,Sapardi Djoko Damono,Gramedia Pustaka Utama,9786020339535,2017,800,Sastra,75000,1,Ayat-Ayat Api
Studio Five,Anthony Manning,Oxford University Wetherall,9780194247658,2010,800,Sastra,75000,1,Studio Five
Look At Me,Dayat Simbaia,Pastel Books,9786027870918,2015,800,Sastra,75000,1,Look At Me
KKPK Sejuta Bibit Impian,"Intan Nurhaliza, dkk",DAR Mizan,9786022424673,2014,800,Sastra,75000,1,KKPK Sejuta Bibit Impian
Fatimah Azahra: Kerinduan Dari Karbala,Sibel Erasland,Kaysa Media,9789791479738,2014,800,Sastra,75000,1,Fatimah Azahra: Kerinduan Dari Karbala
Seruni,Almas Sufeeya,PT Republika Penerbit,9786020822396,2017,800,Sastra,75000,1,Seruni
Amira Cinta Dari Tanah Surga,Suliwe ,Gema Insani ,9789790772465,2011,800,Sastra,75000,1,Amira Cinta Dari Tanah Surga
Salju,Orhan Pamuk,Serambi Ilmu Semesta,9786022900405,2015,800,Sastra,75000,1,Salju
TORIAD,Ziggy Z.,PT Mizan Pustaka,9786022424611,2014,800,Sastra,75000,1,TORIAD
Mahadaya Cinta Nabi&Rasul,Yanuardi Syukur,Al Maghfiroh,9786027633353,2014,800,Sastra,75000,1,Mahadaya Cinta Nabi&Rasul
Jadikan Aku Yang Pertama,Kiki Handriyani,Pustaka Rama,9786029642940,2010,800,Sastra,75000,1,Jadikan Aku Yang Pertama
Mystery Of Yellow Room,Gaston Leroux,VisiMediaPustaka,9790651864,2013,800,Sastra,75000,1,Mystery Of Yellow Room
DIVORTIARE,IKA NATASSA,PT Gramedia Pustaka Utama ,9789792288087,2008,800,Sastra,75000,1,DIVORTIARE
Anak Semua Bangsa,PRAMOEDYA ANANTA Toer,Lentera Dipantara,9799731240,1980,800,Sastra,75000,1,Anak Semua Bangsa
Ubur-Ubur Lembur,Raditya Dika,Gagas Media,9789797809157,2018,800,Sastra,75000,1,Ubur-Ubur Lembur
Gading-Gading Ganesha: Bahwa Cinta Itu Ada,Dermawan Wibisono,Mizan Pustaka,9789791990813,2009,800,Sastra,75000,1,Gading-Gading Ganesha: Bahwa Cinta Itu Ada
Misteri Monster Bulan,Ina Inong,DAR! Mizan,9786022424987,2014,800,Sastra,75000,1,Misteri Monster Bulan
Di Bawah Naungan Cahaya-Mu,Desi Puspitasari,Bunyan,9786027888500,2013,800,Sastra,75000,1,Di Bawah Naungan Cahaya-Mu
Ubur-Ubur Kabur,Devania Annesya,PT CV ANDI OFFSET,9789792916010,2010,800,Sastra,75000,1,Ubur-Ubur Kabur
Reinkarnasi,Sinta Yudisia,Lingkar Pena Kreativa,9786028436182,2009,800,Sastra,75000,1,Reinkarnasi
Bluish 2,Esa Khairina Husein,PT. Mizan Pustaka,9786022420323,2014,800,Sastra,75000,1,Bluish 2
Friends Lullaby,Marion Rayhan Az-Zahra,PT. Mizan Pustaka,9786022424093,2014,800,Sastra,75000,1,Friends Lullaby
GG Forever,Dientianovi Ridaul Maghfiroh,PT. Mizan Pustaka,9786024200725,2014,800,Sastra,75000,1,GG Forever
Sweety Pastello Macaron,Muthia Fadhila Khairunnisa,PT. Mizan Pustaka,9786022425076,2014,800,Sastra,75000,1,Sweety Pastello Macaron
Perseus,Janos Jantner,Oxford University Press,9780194249379,2012,800,Sastra,75000,1,Perseus
Motif Unik,Hasna Gahayu Febriyanti,PT. Mizan Pustaka,9786022427896,2015,800,Sastra,75000,1,Motif Unik
Sesuatu yang Tertunda,Sky Nakayama ,PlotPoint Publishing,9786029481327,2013,800,Sastra,75000,1,Sesuatu yang Tertunda
Amazing Islam,Tanfidz T.Bangdzia & Asage. Lizadi,PT. Bentang Pustaka,9786024301453,2017,800,Sastra,75000,1,Amazing Islam
Kekasih Rembulan,Fahri Asiza,Gema Insani,9795618806,2004,800,Sastra,75000,1,Kekasih Rembulan
Jujur Seperti Rasulullah,Halfino Berry  & Rohmat Kurnia,Sygma Creative Media Corp,9789790557086,2019,800,Sastra,75000,1,Jujur Seperti Rasulullah
Salah Asuhan ,Abdoel Moeis,PT Balai Pustaka,9794070645,2009,800,Sastra,75000,1,Salah Asuhan 
Sakinah Bersamamu,Asma Nadia,AsmaNadia Publishing Hous,9786029672558,2010,800,Sastra,75000,1,Sakinah Bersamamu
Satu Per Tiga,Ryandi Rachman,Bukune,6022201047,2013,800,Sastra,75000,1,Satu Per Tiga
Kupilih Jalan Gerilya,E. Rokajat Asura,Imania,9786027926219,2015,800,Sastra,75000,1,Kupilih Jalan Gerilya
Kiss That Frog,Brian  Tracy ,Penerbit Gemilang,9786021985427,2012,800,Sastra,75000,1,Kiss That Frog
Ramadhan Tiba,"Sunu Hadi, dkk",Erlangga,9789790332652,2007,800,Sastra,75000,1,Ramadhan Tiba
Batu-Batu Lapar,Rabinndranath Tagore,Narasi ,979168510X,2017,800,Sastra,75000,1,Batu-Batu Lapar
Dapur Kreativitas Para Juara,Salman Iskandar,PT. Mizan Buaya Kreativa,9793512253,2003,800,Sastra,75000,1,Dapur Kreativitas Para Juara
Ketika Cinta Kejar Tayang,Herik,Bukune,6022200423,2012,800,Sastra,75000,1,Ketika Cinta Kejar Tayang
HAWA,NAZAN BEKIROGLU,Kaysa Media,9786022150565,2019,800,Sastra,75000,1,HAWA
KEMI 3: Tumbal Liberalisme ,Adian Husaini,Gema Insani,9786022502609,2015,800,Sastra,75000,1,KEMI 3: Tumbal Liberalisme 
The Selfish Giant,Oscar Wilde,Oxford University Press,9780194249317,2012,800,Sastra,75000,1,The Selfish Giant
Chairul Tanjung Si Anak Singkong,Tjahja Gunawan Diredja,Buku Kompas,9789797096502,2012,800,Sastra,75000,1,Chairul Tanjung Si Anak Singkong
The Brief Wondrous Life of Oscar Wao ,Junot Diaz ,PT. Mizan Pustaka,9786029225198,2008,800,Sastra,75000,1,The Brief Wondrous Life of Oscar Wao 
Tinggal Dan Bekerja Di Prancis,"Alan Hart, Word++ Translation Service",Bentang Pustaka,9786028864060,2010,800,Sastra,75000,1,Tinggal Dan Bekerja Di Prancis
Ahmad dan Domba Kecilnya,Wikan Satriati,PT. Pustaka Abdi Bangsa ,9786020822334,2016,800,Sastra,75000,1,Ahmad dan Domba Kecilnya
Romance Of Three KIngdom,Hwang Seok Yeong,DAR! Mizan,9789790664074,2011,800,Sastra,75000,1,Romance Of Three KIngdom
Cintaku Mentok di Facebook,Izul Jo,Andi Offset,9789792915693,2010,800,Sastra,75000,1,Cintaku Mentok di Facebook
Hijablicious,Al-Khansa Shalihah,Mizan Pustaka,9786029255799,2014,800,Sastra,75000,1,Hijablicious
25 Cerita Berima Sahabat Rasul,Ridwan Abqary,DAR! Mizan,9786024202781,2017,800,Sastra,75000,1,25 Cerita Berima Sahabat Rasul
The Naked Traveler 4,Trinity,Penerbit B First,9786021246092,2015,800,Sastra,75000,1,The Naked Traveler 4
Laskar Pelangi The Phenomenon,Asrori S. Karni,Mizan Publika,9789791142274,2008,800,Sastra,75000,1,Laskar Pelangi The Phenomenon
Berperang Demi Tuhan,"Karen Armstrong, T Hermaya",Mizan Pustaka,9789794338124,2001,800,Sastra,75000,1,Berperang Demi Tuhan
Ilmuwan Muslim Pengubah Dunia,Norwita Ariany,DAR! Mizan,9786022425052,2014,800,Sastra,75000,1,Ilmuwan Muslim Pengubah Dunia
Happy Little Soul,Retno Hening Palupi,Gagas Media,9789797808860,2017,800,Sastra,75000,1,Happy Little Soul
Three Happy Girls,Oryza Sativa Apriyani,PT. Mizan Pustaka,9786022426592,2015,800,Sastra,75000,1,Three Happy Girls
Family Fun Bike,Asri Kamila Ramadhani ,PT. Mizan Pustaka,9786022422976,'2014,800,Sastra,75000,1,Family Fun Bike
Kembaranku ,Aisyah Putri Arindah,PT. Mizan Pustaka,9786022425496,2014,800,Sastra,75000,1,Kembaranku 
The Game and The Fairy Tale,Anita Hairunnisa,PT. Mizan Pustaka,9786028994606,2011,800,Sastra,75000,1,The Game and The Fairy Tale
Holliday in Amerika,Mia Ma'rifah,PT. Mizan Pustaka,9786024201623,2016,800,Sastra,75000,1,Holliday in Amerika
Pesta Lampion,Asma'Uwaida Zami ,PT. Mizan Pustaka,9786022425892,2014,800,Sastra,75000,1,Pesta Lampion
693 KM Jejak Gerilya Sudirman,Ayi Jufridar ,Noura Books,9786021306079,2014,800,Sastra,75000,1,693 KM Jejak Gerilya Sudirman
Secret Kingdom Lembah Unicorn,Rosie Banks,Penerbit Mizan,9789794337653,2012,800,Sastra,75000,1,Secret Kingdom Lembah Unicorn
Dia ,Nonier ,Gagas Media,9797803953,2010,800,Sastra,75000,1,Dia 
Islammu Adalah Maharku,Ario Muhammad,PT. Elex Media Komputindo,9786020267999,2015,800,Sastra,75000,1,Islammu Adalah Maharku
Tomorrow's Way of Love,Zephyr,CV. Andi Offset ,9789792951288,2015,800,Sastra,75000,1,Tomorrow's Way of Love
Palestina Membara : Duka Orang-Orang Terusir,"Joe Sacco, Ary Nilandari",DAR! Mizan,9789797528317,2008,800,Sastra,75000,1,Palestina Membara : Duka Orang-Orang Terusir
Ghost Fleet,"P.W Singer, August Cole",Mizan Pustaka,9786024410766,2018,800,Sastra,75000,1,Ghost Fleet
Pandora ,Utari Rachma Siwi,PT. Mizan Pustaka,9786024200848,2016,800,Sastra,75000,1,Pandora 
Anak-Anak Ibrahim ,Rabi March Schneier & Imam Shamsi Ali,PT. Mizan Pustaka,9786021306437,2014,800,Sastra,75000,1,Anak-Anak Ibrahim 
Bintang-bintang Penerus Doktor Cilik,Dina Y Sulaeman,Pustakan Iman,9786028648066,2011,800,Sastra,75000,1,Bintang-bintang Penerus Doktor Cilik
Jalan lain Ke Tulehu,Zen RS,PT Bentang Pustaka,9786022910404,2014,800,Sastra,75000,1,Jalan lain Ke Tulehu
Karena Kita Begitu Berharga,Ade Hashman,Republika,9786028997454,2012,800,Sastra,75000,1,Karena Kita Begitu Berharga
Aku Bilang Masya Allah,Noor H. Dee,Mizan Media Utama,9786023850358,2017,800,Sastra,75000,1,Aku Bilang Masya Allah
Tablet Untuk Naiffa,"Annisa Muthia, dkk",DAR! Mizan,9786022423935,2014,800,Sastra,75000,1,Tablet Untuk Naiffa
Kumpulan Puisi Indonesia-Malaysia,Sapardi Djoko Damono,Institut Terjemahan & Buku Malaysia Berhad dan Yayaysan Pustaka Obor Indonesia,9789794619056,2014,800,Sastra,75000,1,Kumpulan Puisi Indonesia-Malaysia
Gimbal-Gimbal Cantik,Laksita Judith Tabina dkk,DAR! Mizan,9786022424238,2012,800,Sastra,75000,1,Gimbal-Gimbal Cantik
Jelajah Negeri Sendiri,Kompasiana,Penerbit Bentang (PT Bentang Pustaka),9786027888814,2014,800,Sastra,75000,1,Jelajah Negeri Sendiri
"Hateship,Frienship, Courtship,Loveship, Marriage",Alice Munro,Bentang Pustaka,9786022911012,2001,800,Sastra,75000,1,"Hateship,Frienship, Courtship,Loveship, Marriage"
Mary Poppins Comes Back,P.L. TRAVERS,PT Mizan Pustaka,9786029225544,2015,800,Sastra,75000,1,Mary Poppins Comes Back
Ketika Cinta Bertasbih 2,Habiburrahman El Shirazy,PT Gramedia,9789791102131,2007,800,Sastra,75000,1,Ketika Cinta Bertasbih 2
Daynara Cooking Trip,Syahla,PT Mizan Pustaka,9786022423256,2014,800,Sastra,75000,1,Daynara Cooking Trip
Panggil Aku Kartini Saja,Pramoedya Ananta Toer,Lentrera Dipantara,9789793820057,2003,800,Sastra,75000,1,Panggil Aku Kartini Saja
Pants On Fire: Si Tukang Bohong,Meg Cabot,Gramedia Pustaka Utama,9789792266948,2011,800,Sastra,75000,1,Pants On Fire: Si Tukang Bohong
Kecupan yang sangat dirindunya,Taufiqurrahman Al- Azizy,DIVA PRESS,9786021912058,2012,800,Sastra,75000,1,Kecupan yang sangat dirindunya
Manage Your Love,Miski M. M.,Aswaja Pressindo,9786021483954,2015,800,Sastra,75000,1,Manage Your Love
Heart actually,Yunisa KD,PT Gramedia Widiasarana,9786022514961,2014,800,Sastra,75000,1,Heart actually
Surga Juga Buat Remaja Lho,M. Iwan Januar,Gema insani,9795618504,2003,800,Sastra,75000,1,Surga Juga Buat Remaja Lho
The Pink Shoes,Maulidya Risti Fatihah,Mizan Pustaka,9786022428053,2016,800,Sastra,75000,1,The Pink Shoes
"Be PeDe, please!",Fachmy Casofa,Gema Insani,9789790772137,2010,800,Sastra,75000,1,"Be PeDe, please!"
Rapuh ,Dodi Prananda,Wahyu Media,9797957756,2013,800,Sastra,75000,1,Rapuh 
The Last Of The Monicans,James Fenimore Cooper,Oxford University Press,9780194248181,2003,800,Sastra,75000,1,The Last Of The Monicans
This Is Africa,J Erickson Ginting,Pastel Books,9786020851181,2015,800,Sastra,75000,1,This Is Africa
One Smart Sheep,Gary D. Schmidt & Elizabeth Stickney,hmhbooks.com,9780544888357,2021,800,Sastra,75000,1,One Smart Sheep
Ketika Cinta Bertasbih 1,Habiburrahman El Shirazy,Republika Penerbit,9789793210841,2007,800,Sastra,75000,1,Ketika Cinta Bertasbih 1
The Jilbab Traveler,Asma Nadia,Asma Nadia Publishing House,9786029055139,2012,800,Sastra,75000,1,The Jilbab Traveler
Insya Allah You'll Find Your Way,Hengki Kumayandi,Kawah Media,9707959079,2014,800,Sastra,75000,1,Insya Allah You'll Find Your Way
Sang Penakluk Kutukan,Arul Chandrana,Pustaka Abdi Bangsa,9786020822181,2016,800,Sastra,75000,1,Sang Penakluk Kutukan
I Miss You Dad,Dyah Apriliani,Mizan Medua Utama,9786022424871,2014,800,Sastra,75000,1,I Miss You Dad
Kemi 2: Menyelusuri Jejak Konspirasi,Adian Husaini,Gema Insani,9786022500681,2012,800,Sastra,75000,1,Kemi 2: Menyelusuri Jejak Konspirasi
Bintang Di Langit Baiturrahman,FLP ACEH,Gema Insani,9795619357,2004,800,Sastra,75000,1,Bintang Di Langit Baiturrahman
Kamigilan Angkernya Kedung Blangah,Sutardi MS Dihardjo,Mediakita,9797944255,2013,800,Sastra,75000,1,Kamigilan Angkernya Kedung Blangah
Bunga Bunga Rindu,Badri Wahab,Republika Penerbit,9789791102025,2007,800,Sastra,75000,1,Bunga Bunga Rindu
Dari Istana Topkapi Hingga Eksotisme Masjid Al-Azhar,Ahmad Rofi' Usmani,PT Mizan Pustaka,9786028236980,2011,800,Sastra,75000,1,Dari Istana Topkapi Hingga Eksotisme Masjid Al-Azhar
Siti Nurbaya Kasih Tak Sampai,Marah Rusli,PT Balai Pustaka,9789794071670,2013,800,Sastra,75000,1,Siti Nurbaya Kasih Tak Sampai
Merpati Tak Pernah Ingkar Janji,Mira W,Gramedia Pustaka Utama,9786020319520,2015,800,Sastra,75000,1,Merpati Tak Pernah Ingkar Janji
The Adventures of Detective Brown,G.K.Chesterton,VisiMediaPustaka,9789790651913,2013,800,Sastra,75000,1,The Adventures of Detective Brown
Bu Guru Funky And Her Funkier Students,bugurufunky,Rak buku,9786027114043,2026,800,Sastra,75000,1,Bu Guru Funky And Her Funkier Students
Secretly Greatly 4,Choi Jong HUN,Mizan Media Utama,9786027662278,2014,800,Sastra,75000,1,Secretly Greatly 4
"Super Diary 1: Jika Aku Punya Mata Super, apa aku bisa melihat Allah ?",Alif,Republika,978602082228,2016,800,Sastra,75000,1,"Super Diary 1: Jika Aku Punya Mata Super, apa aku bisa melihat Allah ?"
Poltergeist,"Alief Wheza, Tessia",Mizan Pustaka,9786022428220,2016,800,Sastra,75000,1,Poltergeist
A Love's Fairytale,Putu Felisia,PT Mizan Pustaka,9786021637067,2013,800,Sastra,75000,1,A Love's Fairytale
Everlasting Love,Alit Tisna Palupi Dkk,GagasMedia,9797806804,2013,800,Sastra,75000,1,Everlasting Love
Jadi Penulis? Siapa Takut!,Alif Danya Munsyi,Kaifa,9786028994781,2012,800,Sastra,75000,1,Jadi Penulis? Siapa Takut!
Kitten Heels,Tita Rosianti,GagasMedia,9789797803148,2009,800,Sastra,75000,1,Kitten Heels
Kalam Cinta Dari Tuhan,K.H.A. Mustofa Bisri,Republika,9789793210933,2007,800,Sastra,75000,1,Kalam Cinta Dari Tuhan
Moga Bunda Disayang Allah,Tere Liye,Republika Penerbit,9786028997652,2013,800,Sastra,75000,1,Moga Bunda Disayang Allah
Rembulan Tenggelam Di Wajahmu,Tere Liye,Republika Penerbit,9789791102469,2009,800,Sastra,75000,1,Rembulan Tenggelam Di Wajahmu
Kun Fayakun Kun La Takun,Irfan L Sarhindi,Bentang Pustaka,9786027888456,2013,800,Sastra,75000,1,Kun Fayakun Kun La Takun
I Shall Not Hate,Izzeldin Abuelaish,Mizan Pustaka,9786029225228,2011,800,Sastra,75000,1,I Shall Not Hate
Janji,Tere Liye,PT Sabak Grip Nusantara,9786239726201,2022,800,Sastra,75000,1,Janji
Fatimeh Goes To Cairo,Achoer,DAR! Mizan,9789790660175,2009,800,Sastra,75000,1,Fatimeh Goes To Cairo
Candy Rendy,Paresma Elvigro,Andi Offset,9789792950465,2015,800,Sastra,75000,1,Candy Rendy
Pukat,Tere Liye,Republika Penerbit,9789791102735,2010,800,Sastra,75000,1,Pukat
Daun Yang Tak Pernah Membenci Angin,Tere Liye,PT Gramedia Pustaka,9789792257809,2010,800,Sastra,75000,1,Daun Yang Tak Pernah Membenci Angin
Terbanglah Kemana Cinta Membawamu,Pico Iyer,PT Serambi Ilmu Semesta,9786022900344,2015,800,Sastra,75000,1,Terbanglah Kemana Cinta Membawamu
Pergi ,Tere Liye,Sabakgrip Nusantara,9786239554514,2022,800,Sastra,75000,1,Pergi 
Drunken Monster,Pidi Baiq,Pastel Books,9786027870673,2015,800,Sastra,75000,1,Drunken Monster
Melankolia Ninna ,Robin Wijaya,PT. Falcon ,9786026051417,2016,800,Sastra,75000,1,Melankolia Ninna 
Habis Nikah Terbitlah Berkah,Ali Abdullah,PT Elex Media Komputindo,9786020265629,2015,800,Sastra,75000,1,Habis Nikah Terbitlah Berkah
Itoko Ingin Diet,"Miko Ito, Titis Setyowati",Benteng Belia,9786027975521,2014,800,Sastra,75000,1,Itoko Ingin Diet
The Great Hunt: Sang Peniup Sangkakala,"Robert Jordan, Femmy Syahrani, Dina Begum",Mizan Pustaka,9789794337332,2013,800,Sastra,75000,1,The Great Hunt: Sang Peniup Sangkakala
Saudade,Asriaci,PT Bumi Semesta Media,9786025508721,2019,800,Sastra,75000,1,Saudade
Drunken Marmut,Pidi Baiq,Pastel Books Mizan Pustaka,9786020851174,2015,800,Sastra,75000,1,Drunken Marmut
Catatan Ayah Tentang Cintanya Kepada Ibu,Sandi Firly,GagasMedia,9797807925,2015,800,Sastra,75000,1,Catatan Ayah Tentang Cintanya Kepada Ibu
Dear Mama,Meity Mutiara Dkk,Gradian Mediatama,9786022081135,2013,800,Sastra,75000,1,Dear Mama
3 Little Angels,Valencia Mieke Randa,Mizan Pustaka,9786021637081,2013,800,Sastra,75000,1,3 Little Angels
Avalon: Jalinan Sihir,Rachel Roberts,Mizan Pustaka,9789794336809,2012,800,Sastra,75000,1,Avalon: Jalinan Sihir
Kania's Dream,Nelfi Syafrina,DAR! Mizan,9789790668560,2012,800,Sastra,75000,1,Kania's Dream
Ada Surga Di Telapak Kaki Ibu,Mokh. Syaiful Bakhri,Erlangga ,9789797816896,2006,800,Sastra,75000,1,Ada Surga Di Telapak Kaki Ibu
NISKALA,Arnis Silvia,Kosa Kata Kita,9786239014827,2019,800,Sastra,75000,1,NISKALA
Ipung,Prie GS,Republika Penerbit,9789791102384,2008,800,Sastra,75000,1,Ipung
The Christmas Secret,Donna VanLiere,Gradien Mediatama,9786022080855,2012,800,Sastra,75000,1,The Christmas Secret
Senandika Prisma,Aditya Yudis,Falcon,9786026052424,2016,800,Sastra,75000,1,Senandika Prisma
Aisyah Putri Jilbab In Love,Asma Nadia,AsmaNadia Publishing,9786029055313,2014,800,Sastra,75000,1,Aisyah Putri Jilbab In Love
Faith And The City,E. Rokajat Asura,Imania,9786027926219,2015,800,Sastra,75000,1,Faith And The City
Tubuh Renta Ini Siap Menjagamu,Eidelweis Almira,Zettu,9786027999893,2014,800,Sastra,75000,1,Tubuh Renta Ini Siap Menjagamu
Sweet Sour Love,Afin Yulia,Andi Offset,9789792951561,2015,800,Sastra,75000,1,Sweet Sour Love
Klub Koran Briggel Park,Diella Rossa,DAR! Mizan,9786022425199,2014,800,Sastra,75000,1,Klub Koran Briggel Park
Disitu Saya kadang Merasa Sedih,Irfan Journey,Wahyu Qolbu,9797959686,2015,800,Sastra,75000,1,Disitu Saya kadang Merasa Sedih
Revolusi Dari Secangkir Kopi,Didik Fotunadi,Mizan Pustaka,9789794338520,2014,800,Sastra,75000,1,Revolusi Dari Secangkir Kopi
Korean Love Story,"Marlina Heriyana, dkk",PT CV ANDI OFFSET,9789792951622,2015,800,Sastra,75000,1,Korean Love Story
The Revenant,"Michael Punke, Reni Indardini, Putro Nugroho",Noura Books,9786023850877,2016,800,Sastra,75000,1,The Revenant
Secretly Greatly 3,Choi Jong Hun,Secondwind,9786027662223,2026,800,Sastra,75000,1,Secretly Greatly 3
Beastly,"Alex Flinn, Harisa Permatasari",Mizan Pustaka,9789794336120,2007,800,Sastra,75000,1,Beastly
Silam,Risa Saraswati,RDM Publisher,9786025164651,2026,800,Sastra,75000,1,Silam
The Casual Vacancy ,J.K Rowling,Qanita PT. Mizan Pustaka,9786021637722,2012,800,Sastra,75000,1,The Casual Vacancy 
Umar Makan Bersama Nabi,Dewi Mulyani,PT. Mizan Pustaka,978602133748,2015,800,Sastra,75000,1,Umar Makan Bersama Nabi
Tom Gates: Semuanya Luar Biasa (lumayanlah),"Liz Pinchon, Maria Lubis",PT. Mizan Publika,9786023850792,2016,800,Sastra,75000,1,Tom Gates: Semuanya Luar Biasa (lumayanlah)
Pangeran Bumi Kesatria Bulan,Ary Nilandari,PT. Mizan Pustaka,9786021637388,2014,800,Sastra,75000,1,Pangeran Bumi Kesatria Bulan
Shaidan,Radexn,Romancious,9786026922649,2016,800,Sastra,75000,1,Shaidan
Bintang Jindo,Susanti Hara JV,DAR! Mizan,9786022424437,2013,800,Sastra,75000,1,Bintang Jindo
Fantasteen #27: Miranda,"Wikhuna Kultsum Nabilah,dkk",DAR! Mizan,9786022428268,2015,800,Sastra,75000,1,Fantasteen #27: Miranda
Sakura Engkaulah Takdirku,Hardius Usman,PT. Elex Media Komputindo,9786020231044,2014,800,Sastra,75000,1,Sakura Engkaulah Takdirku
Rapijali 1: Mencari,Dee Lestari,Bentang Pustaka,9786022917724,2021,800,Sastra,75000,1,Rapijali 1: Mencari
Young Mariage,Rena Mayriska,DAR! Mizan,9786026716453,2019,800,Sastra,75000,1,Young Mariage
Laskar Pelangi ,Andrea Hirata,PT. Bentang Pustaka,9793062797,2006,800,Sastra,75000,1,Laskar Pelangi 
Runtuhnya Menara Azan,Yanti SoeParmo,Mizania,9786028236201,2009,800,Sastra,75000,1,Runtuhnya Menara Azan
Peter,Risa Saraswati,Bukune,9786022201885,2017,800,Sastra,75000,1,Peter
"Scary Tales #3: Good Night, Zombie",James Peller,Noura Books,9786020989419,2015,800,Sastra,75000,1,"Scary Tales #3: Good Night, Zombie"
"Senja, Hujan dan Cerita yang Telah Usai",Boy Candra,Mediakita,9797944999,2015,800,Sastra,75000,1,"Senja, Hujan dan Cerita yang Telah Usai"
Floating In Space,Naela Ali,Pop Icecube,9786024249939,2018,800,Sastra,75000,1,Floating In Space
Tititp Rindu ke Tanah Suci,Aguk Irawan MN,Republika,9786020822877,2017,800,Sastra,75000,1,Tititp Rindu ke Tanah Suci
Musim gugur terakhir di manhattan ,Julie nava,PT. Lingkar pena kreativa,9786028851565,2011,800,Sastra,75000,1,Musim gugur terakhir di manhattan 
"The 5AM Club: own your morning,elevate your life",Robin Sharma,Bhuana Ilmu Populer,9786230406546,2022,800,Sastra,75000,1,"The 5AM Club: own your morning,elevate your life"
Diamond Crystal Romance,Sophie Maya,"Sheila, Andi Offset",97897933574,2013,800,Sastra,75000,1,Diamond Crystal Romance
C.L.B.K (Cinta Luka Bersemi Kembali),"Feby Andriawan, Riyan Hasanin",CV. Andi Offset,9789792951356,2015,800,Sastra,75000,1,C.L.B.K (Cinta Luka Bersemi Kembali)
Halaman Terakhir,Yudhi Herwibowo,Noura Books,9786027816657,2015,800,Sastra,75000,1,Halaman Terakhir
Catatan Hati Seorang Mahasiswa,Alief Aurum,Laksana,9786024073985,2018,800,Sastra,75000,1,Catatan Hati Seorang Mahasiswa
Pada Senja Yang Membawamu Pergi,Boy Candra,GagasMedia,9789797808648,2016,800,Sastra,75000,1,Pada Senja Yang Membawamu Pergi
Crenshaw,"Katherine Applegate, Prisca Primasari",PT Mizan Pustaka,9786026109927,2017,800,Sastra,75000,1,Crenshaw
99 Sajak,yudhistira Anm Massardi,KPG (Perpustakaan Populer Gramedia),9789799109132,2015,800,Sastra,75000,1,99 Sajak
Kitty And The Sky Garden Adventure,Paula Harrison,HarperCollins,9780062935496,2020,800,Sastra,75000,1,Kitty And The Sky Garden Adventure
Detektif Cilik Imung 3: Operasi Lintah,Arswendo Atmowiloto,Bentang Pustaka,9786029481426,2014,800,Sastra,75000,1,Detektif Cilik Imung 3: Operasi Lintah
Majapahit Bala Sanggrama,Langit Kresna haryadi,Bentang Pustaka,9786027888838,2013,800,Sastra,75000,1,Majapahit Bala Sanggrama
Haji Backpacker,Aguk Irawan MN,Imania,9786027926189,2014,800,Sastra,75000,1,Haji Backpacker
Fatimah chen-chen,Motinggo Busye,Edelweiss,9786028672634,2014,800,Sastra,75000,1,Fatimah chen-chen
Dibawah Langit Jakarta,Guntur Alam,Noura Books,9786021606636,2014,800,Sastra,75000,1,Dibawah Langit Jakarta
Alang: Hidup Tak Pernah Memberi Bahu Untuk Bersandar,Desi Puspitasari,Republika,9786029474091,2016,800,Sastra,75000,1,Alang: Hidup Tak Pernah Memberi Bahu Untuk Bersandar
Remaja 1/2 Opa,Opa Joselito,Imania,9786027926097,2013,800,Sastra,75000,1,Remaja 1/2 Opa
First,Azura,PT Bentang Pustaka,9786029397628,2012,800,Sastra,75000,1,First
Pohon Tua Di Rawa Lele,Queen Aura,PT Mizan Pustaka,9786022427490,2015,800,Sastra,75000,1,Pohon Tua Di Rawa Lele
Atlet Idola,Adelia Shaka Fitria,PT. Mizan Pustaka,9786022428848,2016,800,Sastra,75000,1,Atlet Idola
My Beloved Diary,Sabrina Putri Lofissa,Mizan Pustaka,9786022424659,2014,800,Sastra,75000,1,My Beloved Diary
The Naked Traveler,Trinity,PT Bentang Pustaka,9786028864954,2013,800,Sastra,75000,1,The Naked Traveler
Happy Raniqi Forever,Riska Niar Maulida,PT Mizan Pustaka,9786022420644,2014,800,Sastra,75000,1,Happy Raniqi Forever
Surpise In Hokaido,DYAH APRILIANI KUSUMAASTUTI,PT Mizan Pustaka,9786022425205,2014,800,Sastra,75000,1,Surpise In Hokaido
Frekuensi Patah Dan Cinta Yang Kandas,Radio Galau Fm,PT Wahyu Media,9797954676,2012,800,Sastra,75000,1,Frekuensi Patah Dan Cinta Yang Kandas
Girls 2: Teman Baik,Dienda Sarteka,PT Mizan Pustaka,9786022421535,2014,800,Sastra,75000,1,Girls 2: Teman Baik
Pilihan Terakhir,Ali Muakhir ,PT Mizan Pustaka,9786023670093,2015,800,Sastra,75000,1,Pilihan Terakhir
Promise,Restu Fajriazmi,PT Mizan Pustaka,9786022425427,2014,800,Sastra,75000,1,Promise
Found Love,Yul umze,Andi Offset,9789792933154,2012,800,Sastra,75000,1,Found Love
Sutradara Itu Menghapus Dialog Kita,Sapardi Djoko Damono,Gramedia Pustaka Utama,9786020339542,2012,800,Sastra,75000,1,Sutradara Itu Menghapus Dialog Kita
Di Dekatmu Ada Senyuman Paling Indah Disana,Kamiluddin Aziz,Pink!!!,9786022553939,2014,800,Sastra,75000,1,Di Dekatmu Ada Senyuman Paling Indah Disana
Misteri Harta Karun Pulau Hijau,Lisdy Rahayu,Gema Insani,9789790772571,2011,800,Sastra,75000,1,Misteri Harta Karun Pulau Hijau
Misteri Boneka: Matryoshka,Laksita Judith Tabina,DAR! Mizan,9786022424734,2014,800,Sastra,75000,1,Misteri Boneka: Matryoshka
Best Friend Forever,Khansa Akifah,Zettu,9786027735880,2013,800,Sastra,75000,1,Best Friend Forever
Be Yourself,Zahrotun Qurrata A'yuni,PT Mizan Pustaka,9786024202729,2017,800,Sastra,75000,1,Be Yourself
Two Beautiful Princesses,Kirana Mahdiah Sulaeman,DAR! Mizan,9786024201203,2016,800,Sastra,75000,1,Two Beautiful Princesses
The Star Girl,Salsabila Putri Yuda ,PT Mizan Pustaka,9786022425960,2015,800,Sastra,75000,1,The Star Girl
Kecil-Kecil Punya Karya: Sahabat Super,Nurfatimah Amany,DAR! Mizan,9786022425939,2015,800,Sastra,75000,1,Kecil-Kecil Punya Karya: Sahabat Super
Kristal Kebaikan ,Princeyla Aughea,PT Mizan Pustaka,9786022427582,2016,800,Sastra,75000,1,Kristal Kebaikan 
My Dear Violin,Riza Dwita Aulina,Mizan Pustaka,9786024203900,2017,800,Sastra,75000,1,My Dear Violin
Kecil-Kecil Punya Karya: Geng Penyelamat Alam,Aida Rizkiatul Zahra,DAR! Mizan,9786022427636,2015,800,Sastra,75000,1,Kecil-Kecil Punya Karya: Geng Penyelamat Alam
Cinta Suci Zahrana,Habiburrahman El Shirazy,Republika Penerbit,9786020822488,2017,800,Sastra,75000,1,Cinta Suci Zahrana
Jika Aku Punya Kekuatan Super Aku Bisa Berbicara Dengan Allah 2,Zeynep Sevde Paksu,Alif Republika,9786026152701,2017,800,Sastra,75000,1,Jika Aku Punya Kekuatan Super Aku Bisa Berbicara Dengan Allah 2
Stories For Rainy Days: Vol 11,NAELA ALI,KPG (Perpustakaan Populer Gramedia),9786024242909,2017,800,Sastra,75000,1,Stories For Rainy Days: Vol 11
Satu Hari  Di 2018,Boy Candra,MediaKita,9789797945442,2015,800,Sastra,75000,1,Satu Hari  Di 2018
The friendship Of Erminova,Nabilah Izzati Zahira,PT Mizan Pustaka,9786024201081,2016,800,Sastra,75000,1,The friendship Of Erminova
"Cinta, Ketulusan Dan Kesunyian",Kahlil Gibran,Navila,9799503531,2005,800,Sastra,75000,1,"Cinta, Ketulusan Dan Kesunyian"
The Endless Friendship,Nia Prima Bestari,PT Mizan Pustaka,9786022425182,2014,800,Sastra,75000,1,The Endless Friendship
My Life As Film Director,Haqi Achamad,PT. Bentang Pustaka,9786029481020,2012,800,Sastra,75000,1,My Life As Film Director
Lovey Dovey,"Habibie Putranto, dkk",PT Bentang Pustaka,9786021383365,2016,800,Sastra,75000,1,Lovey Dovey
A Story In Ramadhan,Afifah Khoirunisa,Mizan Pustaka,9786022426851,2015,800,Sastra,75000,1,A Story In Ramadhan
Ghost Dormitory In Cairo,Marsella Azuela,Mizan Media Utama,9786022427056,2015,800,Sastra,75000,1,Ghost Dormitory In Cairo
Pingkan Melipat Jarak,Sapardi Djoko Damono,PT Gramedia Pustaka Utama,9786020339757,2017,800,Sastra,75000,1,Pingkan Melipat Jarak
Drunken Molen,H. Pidi Baiq,PT Mizan Pustaka,9786027870666,2016,800,Sastra,75000,1,Drunken Molen
Aisyah,Sibel Erasland,Kaisa Media,9789791479899,2015,800,Sastra,75000,1,Aisyah
I Love You Beib,Dwi Andhika ,Zettu,9786021298015,2014,800,Sastra,75000,1,I Love You Beib
I Am Sarahza,Hanum Salabiela Rais dan Rangga Mahendra,Republika Penerbit,9786025734212,2018,800,Sastra,75000,1,I Am Sarahza
Mencintai Rasulullah,Nashihatku,Salam Books,9786021337882,2015,800,Sastra,75000,1,Mencintai Rasulullah
Sherlock Holmes,"Sir Arthur Conan Doyle, Ismanto",Indoliterasi,9786021129005,2014,800,Sastra,75000,1,Sherlock Holmes
Prince William & Kate Middleton,Vicky Shipton,Scholastic,9781906861872,2011,800,Sastra,75000,1,Prince William & Kate Middleton
Nelson Mandela,Vickiy Shipton,SCHOLASTIC,9781906861889,2011,800,Sastra,75000,1,Nelson Mandela
"Buffy The Vampire Slayer : I Robot, You Jane",Jane Rollason,SCHOLASTIC,9781904720492,2005,800,Sastra,75000,1,"Buffy The Vampire Slayer : I Robot, You Jane"
Pebbles On The Beach,Alex Raynham,Oxford University Press,9780194249485,2012,800,Sastra,75000,1,Pebbles On The Beach
The Gamble,Patricia Reilly,SCHOLASTIC,9781904720850,2007,800,Sastra,75000,1,The Gamble
Bandslam,Aaron Rosenberg,SCHOLASTIC,9781905775972,2010,800,Sastra,75000,1,Bandslam
X-MEN 2,Paul Shipton,SCHOLASTIC,9781904720713,2007,800,Sastra,75000,1,X-MEN 2
X-MEN : The Last Stand,Paul Shipton,SCHOLASTIC,9781904720737,2077,800,Sastra,75000,1,X-MEN : The Last Stand
Lisa's Song,Lesley Thompson,Oxford University Press,9780194249522,2012,800,Sastra,75000,1,Lisa's Song
Catwoman,Jasmine Jones,SCHOLASTIC,9781904720591,2005,800,Sastra,75000,1,Catwoman
The Outsider,Patricia Reily,Schoolastic Ltd,9781904720836,2007,800,Sastra,75000,1,The Outsider
Rocky Balboa,Paul Shipton,Jacquie  Bloese,9781905775163,2006,800,Sastra,75000,1,Rocky Balboa
Biografi Umar Bin Abdul Aziz Penegak Keadilan,Abdullah Bin Abdul Hakam,Gema Insani Press,9795617451,2002,900,Sejarah dan Geografi,75000,1,Biografi Umar Bin Abdul Aziz Penegak Keadilan
Sejarah Indonesia Modern,M.C. Ricklefs,Gadjah Mada University Press,9794201871,1981,900,Sejarah dan Geografi,75000,1,Sejarah Indonesia Modern
GALILEO: Menyingkap Kebenaran ,Tasman Mahmud Syukri,Gema Insani,9795600400,2005,900,Sejarah dan Geografi,75000,1,GALILEO: Menyingkap Kebenaran 
Sesuatu Indonesia,Afrizal Malna,Yayasan Bentang Budaya,9798793897,2000,900,Sejarah dan Geografi,75000,1,Sesuatu Indonesia
Dan Brown: A Biography,Lisa Rogak,PT Bentang Pustaka,9786022910411,2014,900,Sejarah dan Geografi,75000,1,Dan Brown: A Biography
Halahuddin Al-Ayyubi,John Man,PT. Pustaka Alvabet,9786026577092,2017,900,Sejarah dan Geografi,75000,1,Halahuddin Al-Ayyubi
Jejak Perlawanan Mandela,Tofik Pram,Edelweis ,9786028672641,2014,900,Sejarah dan Geografi,75000,1,Jejak Perlawanan Mandela
Muhammad Yamin,"L.R Baskoro, dkk","Tempo, KPG(Kepustakaan Populer Gramedia)",9786024242169,2015,900,Sejarah dan Geografi,75000,1,Muhammad Yamin
Amin Rais Dari Yogya Ke Bina Graha,"Ir. Muhammad Najib, M.Sc dan K.s Himmaty",Gema Insani Press,9795615483,1999,900,Sejarah dan Geografi,75000,1,Amin Rais Dari Yogya Ke Bina Graha
Soe Hok Gie : Catatan Seorang Demonstran,Daniel Dhakidae,LP3ES,9789793330333,2011,900,Sejarah dan Geografi,75000,1,Soe Hok Gie : Catatan Seorang Demonstran
Jack Ma,Chen Wei,"Noura Books, Mizan Publika",9786023851775,2017,900,Sejarah dan Geografi,75000,1,Jack Ma
Sejarah Hidup Khalifah Rasulullah,Amru Khalid,ISTANBUL ,9789790393400,2015,900,Sejarah dan Geografi,75000,1,Sejarah Hidup Khalifah Rasulullah
Sejarah Para Filsuf Dunia,Ahmad Asnawi,Indoliterasi,9786021129159,2015,900,Sejarah dan Geografi,75000,1,Sejarah Para Filsuf Dunia
Flying Traveler,Junanto Herdiawan,Bentang Pustaka,9786028864978,2014,900,Sejarah dan Geografi,75000,1,Flying Traveler
"Rp3 Jutaan Wisata Salju: Kashmir, Himalaya, & India",Yoli Hemdi,Bentang Pustaka,9786028864930,2013,900,Sejarah dan Geografi,75000,1,"Rp3 Jutaan Wisata Salju: Kashmir, Himalaya, & India"
Ziarah ke Makam Orde Baru,Agus Sutisna,LPPM STISIP-BR,9786027000407,2014,900,Sejarah dan Geografi,75000,1,Ziarah ke Makam Orde Baru
Ilmu Sejarah,Saefur Rochmat,Graha Ilmu,9789797565039,2009,900,Sejarah dan Geografi,75000,1,Ilmu Sejarah
Habis Gelap Terbitlah Terang,R.A Kartini,Balai Pustaka,9794070637,2009,900,Sejarah dan Geografi,75000,1,Habis Gelap Terbitlah Terang
Majapahit Kerajaan Islam,Herman Sinung Janutama,Noura Books,9786021606483,2013,900,Sejarah dan Geografi,75000,1,Majapahit Kerajaan Islam
Barack Hussein Obama,Anwar Holid,Mizania,9798394844,2007,900,Sejarah dan Geografi,75000,1,Barack Hussein Obama
Dahlan Is Can,Sutan Eries Adlin,Noura Books,9786027816282,2013,900,Sejarah dan Geografi,75000,1,Dahlan Is Can
"Soedirman Seorang Panglima, Seorang Martir","Arif Zulkifli, dkk","Tempo, KPG(Kepustakaan Populer Gramedia)",9786024243500,2018,900,Sejarah dan Geografi,75000,1,"Soedirman Seorang Panglima, Seorang Martir"
Chairil Anwar Bagimu Negeri Menyediakan Api,"Seno Joko Suyono, dkk","Tempo, KPG(Kepustakaan Populer Gramedia)",9786024242572,2017,900,Sejarah dan Geografi,75000,1,Chairil Anwar Bagimu Negeri Menyediakan Api
"Lurik: Sejarah, Fungsi dan Artinya Bagi Masyarakat",Wahyono Martowikrido,Proyek Pembinaan Museum Nasional Jakarta,1234567890124,1994,900,Sejarah dan Geografi,75000,1,"Lurik: Sejarah, Fungsi dan Artinya Bagi Masyarakat"
"Jalan Raya Pos, Jalan Daendels",Pramoedya Ananta Toer,Lentera Dipantara,9789799731289,2005,900,Sejarah dan Geografi,75000,1,"Jalan Raya Pos, Jalan Daendels"
Gandhi The Man ,Eknath Easwaran,Bentang Pustaka,9786027888906,2013,900,Sejarah dan Geografi,75000,1,Gandhi The Man 
Atlas Tematik Provinsi Nanggroe Aceh Darussalam,Riadika Mastra,Krida Yudha Nusantara,9797446778,2006,900,Sejarah dan Geografi,75000,1,Atlas Tematik Provinsi Nanggroe Aceh Darussalam
Atlas Tematik Provinsi Bengkulu,Riadika Mastra,Krida Yudha Nusantara,9797446840,2006,900,Sejarah dan Geografi,75000,1,Atlas Tematik Provinsi Bengkulu
Atlas Tematik Provinsi Sumatera Barat,Riadika Mastra,Krida Yudha Nusantara,9797446794,2006,900,Sejarah dan Geografi,75000,1,Atlas Tematik Provinsi Sumatera Barat
Atlas Tematik Provinsi Sulawesi Utara,Riadika Mastra,Krida Yudha Nusantara,9797447006,2006,900,Sejarah dan Geografi,75000,1,Atlas Tematik Provinsi Sulawesi Utara
Atlas Tematik Provinsi Daerah Istimewa Jogyakarta,Riadika Mastra,Krida Yudha Nusantara,9791540756,2006,900,Sejarah dan Geografi,75000,1,Atlas Tematik Provinsi Daerah Istimewa Jogyakarta
Atlas Tematik Provinsi Maluku,Riadika Mastra,Krida Yudha Nusantara,9797447073,2006,900,Sejarah dan Geografi,75000,1,Atlas Tematik Provinsi Maluku
Atlas Tematik Provinsi Jambi,Riadika Mastra,Krida Yudha Nusantara,9791540764,2006,900,Sejarah dan Geografi,75000,1,Atlas Tematik Provinsi Jambi
Atlas Tematik Provinsi Gorontalo,Riadika Mastra,Krida Yudha Nusantara,9791540748,2006,900,Sejarah dan Geografi,75000,1,Atlas Tematik Provinsi Gorontalo
Atlas Tematik Provinsi Sulawesi Selatan,Riadika Mastra,Krida Yudha Nusantara,9797447049,2006,900,Sejarah dan Geografi,75000,1,Atlas Tematik Provinsi Sulawesi Selatan
Atlas Tematik Provinsi Nusa Tenggara Barat,Riadika Mastra,Krida Yudha Nusantara,9797446948,2006,900,Sejarah dan Geografi,75000,1,Atlas Tematik Provinsi Nusa Tenggara Barat
Atlas Tematik Provinsi Bali,Riadika Mastra,Krida Yudha Nusantara,9791540772,2006,900,Sejarah dan Geografi,75000,1,Atlas Tematik Provinsi Bali
Atlas Tematik Provinsi DKI Jakarta,Riadika Mastra,Krida Yudha Nusantara,9797446883,2006,900,Sejarah dan Geografi,75000,1,Atlas Tematik Provinsi DKI Jakarta
Atlas Tematik Provinsi Sulawesi Barat,Riadika Mastra,Krida Yudha Nusantara,9791205019,2006,900,Sejarah dan Geografi,75000,1,Atlas Tematik Provinsi Sulawesi Barat
Atlas Tematik Provinsi Maluku Utara,Riadika Mastra,Krida Yudha Nusantara,9797447065,2006,900,Sejarah dan Geografi,75000,1,Atlas Tematik Provinsi Maluku Utara
Atlas Tematik Provinsi Riau,Riadika Mastra,Krida Yudha Nusantara,9791205027,2006,900,Sejarah dan Geografi,75000,1,Atlas Tematik Provinsi Riau
Atlas Tematik Provinsi Kepulauan Bangka Belitung,Riadika Mastra,Krida Yudha Nusantara,9791540713,2006,900,Sejarah dan Geografi,75000,1,Atlas Tematik Provinsi Kepulauan Bangka Belitung
Atlas Tematik Provinsi Kalimantan Tengah,Riadika Mastra,Krida Yudha Nusantara,9791540705,2006,900,Sejarah dan Geografi,75000,1,Atlas Tematik Provinsi Kalimantan Tengah
Atlas Tematik Provinsi Sumatera Utara,Riadika Mastra,Krida Yudha Nusantara,9797446786,2006,900,Sejarah dan Geografi,75000,1,Atlas Tematik Provinsi Sumatera Utara
Atlas Tematik Provinsi Sulawesi Tenggara,Riadika Mastra,Krida Yudha Nusantara,9797447057,2006,900,Sejarah dan Geografi,75000,1,Atlas Tematik Provinsi Sulawesi Tenggara
Atlas Tematik Provinsi Kalimantan Barat,Riadika Mastra,Krida Yudha Nusantara,9797446964,2006,900,Sejarah dan Geografi,75000,1,Atlas Tematik Provinsi Kalimantan Barat
Atlas Tematik Provinsi Papua,Riadika Mastra,Krida Yudha Nusantara,9791205000,2006,900,Sejarah dan Geografi,75000,1,Atlas Tematik Provinsi Papua
Peci Miring,Aguk Irawan MN,PT Kaurama Antara Buana,9786027279315,2015,900,Sejarah dan Geografi,75000,1,Peci Miring
Daud Beureueh Pejuang Kemerdekaan Yang Berontak,"Nugroho Dewanto, Redaksi KPG",PT. Grafika Mardi Yuana,9786024248260,2018,900,Sejarah dan Geografi,75000,1,Daud Beureueh Pejuang Kemerdekaan Yang Berontak
Hamengku Buwono IX,"Seno Joko Suyono, dkk",PT. Gramedia ,9786024247430,2018,900,Sejarah dan Geografi,75000,1,Hamengku Buwono IX
Monumen Pancasila Sakti Lubang Buaya Jakarta,Yahya Zulfikri,Unknown,1234567890123,1965,900,Sejarah dan Geografi,75000,1,Monumen Pancasila Sakti Lubang Buaya Jakarta
Khalid Bin Walid,Sadiq Ibrahim,Tiga Serangkai,9786027212923,2015,900,Sejarah dan Geografi,75000,1,Khalid Bin Walid
100 Tokoh Paling Berpengaruh di Dunia,Michael H. Hart,Noura ,9786023852048,2012,900,Sejarah dan Geografi,75000,1,100 Tokoh Paling Berpengaruh di Dunia
Total Bung Karno 2,Roso Daras,Imania,9786027926165,2014,900,Sejarah dan Geografi,75000,1,Total Bung Karno 2
Ensiklopedia Sejarah Dan Budaya Jilid 1,"Tim Kingfisher, Nino Oktorino",Lentera Abadi,9789793535418,2009,900,Sejarah dan Geografi,75000,1,Ensiklopedia Sejarah Dan Budaya Jilid 1
Ensiklopedia Sejarah Dan Budaya Jilid 2,"Tim Kingfisher, Nino Oktorino",Lentera Abadi,9789793535432,2009,900,Sejarah dan Geografi,75000,1,Ensiklopedia Sejarah Dan Budaya Jilid 2
Ensiklopedia Sejarah Dan Budaya Jilid 3,"Tim Kingfisher, Nino Oktorino",Lentera Abadi,9789793535449,2009,900,Sejarah dan Geografi,75000,1,Ensiklopedia Sejarah Dan Budaya Jilid 3
Ensiklopedia Sejarah Dan Budaya Jilid 4,"Tim Kingfisher, Nino Oktorino",Lentera Abadi,9789793535456,2009,900,Sejarah dan Geografi,75000,1,Ensiklopedia Sejarah Dan Budaya Jilid 4
Ensiklopedia Sejarah Dan Budaya Jilid 6,"Tim Kingfisher, Nino Oktorino",Lentera Abadi,9789793535487,2009,900,Sejarah dan Geografi,75000,1,Ensiklopedia Sejarah Dan Budaya Jilid 6
Ensiklopedia Sejarah Dan Budaya Jilid 7,"Tim Kingfisher, Nino Oktorino",Lentera Abadi,9789793535494,2009,900,Sejarah dan Geografi,75000,1,Ensiklopedia Sejarah Dan Budaya Jilid 7
Ensiklopedia Kerajaan Nusantara,Nur Asiah,Mediantara Semesta,9786028489355,2009,900,Sejarah dan Geografi,75000,1,Ensiklopedia Kerajaan Nusantara
Ensiklopedia Peninggalan Bersejarah Indonesia,Nur Asiah,Mediantara Semesta,9789791276740,2009,900,Sejarah dan Geografi,75000,1,Ensiklopedia Peninggalan Bersejarah Indonesia
Ensiklopedia Geografi Jilid 2,"Clive Gifford, Dewi Susiloningtyas, Ari Dartoyo",Lentera Abadi,9793535121,2009,900,Sejarah dan Geografi,75000,1,Ensiklopedia Geografi Jilid 2
Muatan Lokal Ensiklopedia Geografi Indonesia,"Fritz G. Kumendong, G. Bani",Lentera Abadi,9793535164,2009,900,Sejarah dan Geografi,75000,1,Muatan Lokal Ensiklopedia Geografi Indonesia
